Id,Egap
13062,4.9404
587,5.5306
2333,0.6486
7740,3.5404
9463,3.0285
5652,3.5458
8999,3.4359
11427,5.1809
3677,2.9885
2200,1.83
3384,2.4017
9808,4.206
12316,5.8381
3503,2.7302
1050,2.2688
10152,0.6311
4642,1.1185
8043,3.3551
4272,2.5433
13114,4.8038
12585,3.2442
5682,0.9023
3550,1.6887
5290,0.7761
13010,6.0957
13152,1.1988
7914,2.7157
5671,3.2971
7291,0.7436
8457,3.2679
11554,1.6582
8712,4.1071
2732,1.3854
5523,0.1385
2890,5.7249
7605,6.352
5970,1.4925
8319,0.2591
6136,2.9809
342,1.0828
6646,1.5607
5132,1.1218
2729,5.5417
1407,4.9559
11633,3.7072
10307,1.5037
5622,0.1614
7175,1.7525
1884,4.4165
7753,3.3238
4965,5.2992
5758,2.9705
9283,5.0569
8899,2.5462
11298,4.6835
9885,3.1459
5554,0.6571
11654,1.4921
12742,2.8785
11185,4.6708
4598,0.1247
4960,2.3314
12958,3.0663
8392,2.2913
6635,1.7994
2407,0.8214
9531,4.1115
4374,1.4848
13182,1.5197
3099,2.7155
4941,3.2917
8780,3.5581
10954,2.235
9580,1.9426
12972,4.8274
940,2.0238
6126,3.3043
783,2.9715
3664,3.6261
1196,2.1923
5282,5.9110000000000005
1728,3.4764
2856,1.371
10747,4.7431
5980,4.6486
3969,3.4224
9831,3.1717
3286,1.3840000000000001
8659,4.88
8555,3.9143
310,3.3683
7619,0.667
9796,0.8391
12856,2.3095
10964,0.8955
11556,2.3585
5476,2.2564
5090,1.3191
9266,1.5493
2467,3.3319
2145,1.8915
42,1.0576
12355,3.9861
12821,4.1455
13217,4.441
2916,3.5429
3327,3.5123
7479,0.7125
6617,1.4666
13413,2.4055
8395,3.9191
4214,0.1592
11808,3.7212
12696,1.6603
11908,0.9974
8503,3.1716
13433,1.4565
480,4.2888
12424,3.9081
9555,2.8477
1777,0.7001
9072,1.2386
8602,0.1298
1905,3.6086
11462,2.4097
2382,0.4234
5752,0.6583
4807,5.1092
7043,4.3894
9374,3.4893
6055,2.7768
2771,1.9741
12667,2.3321
5069,2.7731
10637,3.3992
3229,4.041
2787,0.7929
2360,3.1166
10195,2.9886
4836,2.6259
5874,5.9884
5450,4.6003
3973,3.42
12845,1.7328
13097,1.9936
4530,1.4480000000000002
5722,1.1475
7622,3.5391
1051,2.5904
918,2.399
117,0.7479
2223,1.0934
6078,2.7825
3347,1.6965
10939,2.6823
1548,2.5853
4038,0.1848
5820,1.7785
9618,1.7731
5470,4.1696
6913,3.855
8243,1.5701
7927,2.5132
13443,2.8891
11944,3.5639
10194,5.2676
9398,4.6246
8883,0.4286
5310,1.0946
7080,0.7765
5488,0.8219
9220,1.4898
7329,1.0417
3898,5.5075
12524,0.6778
387,1.8888
4617,5.2999
2643,0.5436
12218,0.7472
3,2.5143
6650,1.436
2037,0.2334
3711,2.9816
13353,0.5881
3562,3.6527
13450,3.1529
4134,3.1592
13473,0.9761
11570,3.5922
10471,4.8803
716,0.3771
4814,3.1194
12560,2.4193
4063,4.9129
10394,4.1653
6734,5.0995
3748,5.9341
12184,1.3749
4545,2.3128
13398,4.2582
6808,4.3907
7810,2.259
9070,1.7295
10585,4.4636
6479,1.8611
11898,1.4361
13581,3.4522
12143,5.3336
12275,3.0634
7328,0.183
3428,1.7973
9651,0.5431
9314,1.4761
4566,2.3148
12141,0.3583
1920,1.3556
3692,3.4615
2797,3.3849
10233,5.2512
2271,2.3388
2931,0.9139
12646,2.2211
13361,4.6817
2677,0.6899
3848,2.8386
861,1.8822
1082,1.8521
4459,2.3443
5999,1.3469
10431,1.6563
12152,1.4793
3567,4.8275
11580,4.5102
2415,1.4939
1243,2.1654
421,3.3005
10238,0.8855
1149,1.0459
9728,2.9359
1959,1.146
4661,2.1692
11722,0.4972
6404,2.8173
13621,2.1258
4071,2.2159
1626,1.4204
10285,1.255
9354,1.3239
9336,2.2636
10917,1.5589
4122,4.335
9385,5.0161
6692,3.0701
12861,5.5593
5018,2.5724
1104,6.6398
5045,0.3619
4194,3.2504
2742,3.2960000000000003
13266,1.9171
8241,1.2876
551,0.6017
8438,2.2141
1014,0.2089
12366,1.3675
3648,0.8904
238,1.6696
9853,1.621
6495,1.0738
4068,2.6697
12705,3.2704
8607,2.0459
13296,0.8223
8338,7.2471
11371,1.9175
3922,3.5728
11302,1.6402
3886,1.5473
4690,6.1288
1018,1.4657
13476,1.0866
621,4.0872
6052,0.7643
13121,3.5536
4229,0.5224
5900,0.7767
10264,2.2283
31,0.9866
7500,1.8708
7504,0.9125
9209,0.3846
1161,1.0898
1075,2.2177
4678,1.515
12035,2.4446
5369,1.9723
8306,5.625
8660,4.502
8685,2.8903
3558,5.5972
5206,1.3486
5896,1.2769
3289,1.8439
3300,1.5988
800,0.6027
8665,3.1302
7624,1.0128
10434,4.1143
11329,2.7616
9511,0.816
8983,2.7868
12116,1.6982
10094,3.5383
9461,2.9191
1440,2.998
759,3.9149
1361,4.8402
2342,1.3595
11468,5.9184
9972,2.6001
10541,3.4636
9325,3.2614
2107,2.2207
3343,1.6365
6768,4.7525
11563,3.0002
5769,3.6275
2685,0.1113
127,3.3538
2331,0.7405
12725,4.5758
9197,1.3247
9234,5.5815
12543,6.87
10098,0.9107
7290,1.9503
12195,5.7782
4512,2.0982
11518,1.7
8250,1.9759
12871,0.1721
1986,3.6162
4716,3.1016
9313,0.3035
8179,2.5814
1218,1.2658
12387,3.6747
2087,3.0753
8035,1.1872
407,4.2261
11685,1.4471
10417,2.8477
691,2.285
2960,0.6114
12165,3.2033
2747,1.8869
11400,0.6901
11847,0.7562
5418,2.3941
12762,5.1732
9636,2.8938
9931,1.9437
3987,0.4115
4192,3.8287
8535,0.3213
12752,3.9725
7457,0.698
10483,3.5238
4081,2.0903
3120,3.6384
5925,1.1907
1818,1.5626
7972,4.9944
4100,2.4451
3924,4.5498
9255,3.116
8343,1.9022
9639,0.9508
13787,2.8319
3371,2.9961
5117,1.4556
11016,1.6389
1481,0.4838
8246,3.1267
8501,1.6563
10121,0.1781
6693,0.1813
955,5.6078
7760,1.7814
10351,3.47
8266,0.527
13757,1.3489
12978,1.9745
8378,2.1215
13245,1.1749
7531,6.4586
13067,3.4047
6110,2.1354
3602,0.5115
5570,7.111000000000001
4704,1.6889
1564,5.1303
6368,6.6465
1053,0.3951
9284,4.0161
8811,0.3097
13356,3.5653
12100,2.7880000000000003
3765,4.3671
7371,2.3542
9567,0.0991
8928,0.6018
9683,3.8665
6637,7.1031
11360,3.7631
8410,5.3882
10498,1.7792
1789,4.4513
7450,5.388
323,0.5554
12643,2.0709
7305,3.9389
6313,5.6018
13677,0.4031
6681,2.5724
13194,5.1448
3262,0.2783
12044,0.3959
5656,3.214
9703,2.1219
1722,2.4837
1674,1.2119
3893,2.8414
3404,1.4306
11351,1.0079
10892,0.4652
12391,3.3131
6224,3.0161
1877,1.1106
13486,5.7321
6193,5.1269
6551,1.7107
8517,3.2476
7325,5.0691
4850,6.0263
12039,2.6658
8703,0.8476
2691,3.1604
7785,2.8507
12796,1.1899
9889,3.8677
6571,4.7236
5485,1.0025
6357,1.6111
12578,2.2817
13718,3.1793
9005,3.6152
65,1.3025
11681,4.0086
11356,3.9233
11822,2.154
3932,3.3449
2396,2.2096
5058,1.1086
7223,5.3403
12739,1.4567
9433,5.0333
10475,0.5466
8738,0.5997
9762,4.1871
10520,2.5789999999999997
4265,1.228
8769,0.2652
10080,1.2565
12222,3.8344
4978,1.4409999999999998
4688,1.35
3904,0.7265
3580,2.5203
468,0.4534
6707,2.278
1016,2.4707
825,1.5647
12052,1.6946
6272,2.7103
3324,1.2791
6850,1.1668
5039,0.7389
6577,2.1165
2143,2.4183
3536,3.8808
9180,2.9339
6321,2.5734
4406,0.3583
508,2.8452
6942,2.2329
4072,2.7283
10103,4.3266
4388,3.7406
9218,2.5981
4820,3.9919
10004,5.2988
10846,0.8145
935,0.7104
8861,0.0828
10436,3.5417
11626,1.9683
5176,1.4503
10487,1.5169
4058,0.9197
7790,0.7509999999999999
1516,0.7225
11457,0.2141
584,2.3086
8091,4.321000000000001
5370,1.9786
11794,4.8765
7826,0.0905
12117,3.0048
9345,1.2902
352,1.8395
1064,5.1177
5433,5.1528
11598,2.072
7685,5.2995
8955,1.9756
12342,4.0878
12848,3.8644
3284,0.5964
3022,1.5014
3199,1.7621
7951,1.0322
2783,1.7168
1757,1.8965
8118,1.3111
7541,6.9045
11692,2.1193
2300,5.1503
6560,2.9695
2459,1.6030000000000002
10536,2.5799
6532,0.9525
13236,0.9219
4078,0.4177
11558,4.0605
12095,5.9311
695,2.9067
9879,5.1837
7779,5.6121
10273,4.9168
6198,5.9533
4279,4.7599
11753,0.873
10176,1.2122
8727,2.1922
2067,1.8874
8773,0.6245
11542,0.2871
10170,2.8416
13776,0.1819
5774,2.092
7424,2.9519
760,6.7604
11116,5.4761
5270,3.5476
7363,2.4287
3921,3.3813
8280,4.383
2263,1.5415
6441,2.969
11557,4.3204
12635,1.8238
8511,2.7223
7865,0.5205
8896,0.1834
10841,0.7051
12204,1.8425
375,0.7432
12948,3.298
8558,3.6365
13719,3.4327
7981,3.1849
3773,2.1178
2585,0.5017
2115,4.1705
2671,2.2601
8257,0.632
2120,3.9268
953,1.1779
7653,1.91
5233,5.0233
4647,2.1486
2429,3.0576
2767,3.6554
76,2.1687
9359,0.6532
9029,3.665
8754,3.802
10525,1.6774
11412,1.7457
10199,2.9344
8234,3.4593
6217,2.0903
5750,0.4758
4109,2.8327
4673,0.7004
3897,3.9571
2615,5.9285
1998,2.7432
1032,5.2007
1556,0.5467
9365,2.8429
5532,2.6324
11569,2.0272
11197,0.6011
10837,0.8117
10486,0.6697
6262,2.9068
11282,1.3184
296,0.3302
6232,0.9267
7599,1.9951
1428,5.8878
7939,1.8557
9766,0.2364
708,3.4975
6023,3.8398
2243,0.7354
9382,2.6284
36,0.5315
3940,2.5876
11926,1.4001
9484,2.3203
13524,6.0408
4526,1.5291
13087,3.8301
885,1.4499
7830,2.8642
9485,5.0176
7770,2.0629
11180,3.15
8993,1.0963
8756,2.4978
2772,1.0619
1395,1.9091
9219,3.7503
7156,6.8359
3902,2.0737
3919,0.2191
1276,0.1685
13166,3.5357
5990,0.3627
12031,3.9453
7302,4.1516
4995,3.0132
12841,1.9616
7574,0.4011
13204,4.4506
13745,0.9304
11,1.4822
4968,1.8664
3983,1.3078
1739,1.7543
6702,0.9904
8791,4.9929
12577,0.6259
471,0.2093
3306,2.247
771,1.0113
10510,3.4960000000000004
5219,0.2816
9323,0.8461
10919,1.6908
1799,1.7688
1139,0.2268
6675,5.1822
1712,0.4757
7354,1.3209
11004,0.8035
10474,0.1683
9386,3.5789999999999997
3043,1.5201
3905,3.1807
11317,2.1293
7999,1.8462
11865,2.2912
3749,4.671
8615,1.3729
273,0.9191
13747,5.1117
4411,3.4609
6626,4.113
13197,2.4443
10998,1.73
1696,1.0637
13289,0.1273
6767,5.2281
9163,1.9342
3935,1.0637
3721,0.192
4715,2.2135
3326,1.7844
6579,1.8088
13332,2.4062
10057,3.6010000000000004
4253,2.3176
10153,1.2073
5548,1.016
1322,1.8204
8357,1.5566
6206,0.2758
1372,2.7577
9901,1.6598
4469,2.6552
9736,2.7743
250,0.9962
12713,0.9867
8252,2.8029
5260,1.3206
3734,1.3090000000000002
9431,5.0097
5995,2.5822
7048,2.3727
1079,2.2249
12288,1.5122
9779,0.7499
3789,0.6299
11272,1.0395
6611,1.3468
13354,4.1686
6621,2.9909
1094,0.1637
2185,0.51
3323,3.0846
4085,0.6363
822,3.9588
8285,2.1969
4651,2.637
8286,2.9038
7345,3.3555
6876,2.9277
12464,1.2427
1263,1.1263
2016,2.2943
13447,2.7310000000000003
10709,4.4466
7600,1.3356
13791,0.9898
750,3.5593
4381,3.2568
12721,5.1475
13347,2.19
138,0.9623
7271,1.9807
4753,0.7536
4315,2.3641
5075,0.1027
12765,1.5307
11255,5.5151
487,4.2047
10446,3.2612
3614,1.7721
11429,3.3598
6302,1.8446
10108,2.8835
4788,1.508
3321,2.9506
6619,2.7517
7866,2.239
5992,3.3531
6266,3.3605
13131,4.1767
4781,0.1301
4094,0.2728
60,2.7215
11856,1.8732
6,2.5879
11766,2.6341
10373,2.7604
6483,2.4084
5336,0.4704
12279,5.1722
7255,1.1403
769,0.2594
13232,1.4844
6822,0.6524
12112,2.8379
686,4.8604
8493,3.6007
3706,0.8740000000000001
975,0.7676
12768,1.5369
1864,3.9958
4515,1.5969
10729,0.3355
10992,1.5498
10809,5.129
11551,3.6494
1569,2.8693
12900,3.4351
12632,4.1336
2198,1.1732
742,5.7403
3354,0.2581
2848,4.6735
961,3.9459
11883,3.4861
6218,1.1048
18,5.693
725,4.9056
7198,5.3064
2131,3.0735
8103,1.8327
3480,2.2302
264,6.2214
8620,2.9344
12551,0.1897
4423,0.129
2661,0.8387
8908,2.7901
873,0.6862
6319,2.8327
6170,2.5686
5938,3.9762
7937,2.8801
10793,2.0306
6641,0.8694
11918,2.0292
6047,4.0105
4466,1.6162
9177,2.2768
413,3.3871
802,2.1936
2721,0.7317
5952,3.9487
13045,0.5455
3342,4.2689
2514,2.1372
13120,3.1631
13763,2.0379
7847,0.0958
7364,0.6209
5062,2.7631
520,2.1328
162,1.8502
11203,2.7984
2033,3.565
1477,4.5689
1852,5.3205
3637,1.9435
7737,1.1526
7469,0.2931
6786,2.0186
4542,2.1063
1186,4.0841
8146,2.9875
3566,7.1855
1380,1.2797
2658,2.2422
5744,2.4226
12914,5.5277
10975,1.2033
705,1.6735
1213,4.4606
12005,3.2704
5989,2.9299
805,1.7372
8677,1.1181
13528,2.5489
11906,1.5479
5166,4.507
6946,2.2561
3549,2.3999
11159,3.4184
6701,0.1895
12102,2.5655
3722,1.2768
3754,0.6565
833,2.1953
6076,2.9266
12310,3.6832
10911,0.9114
8411,2.1502
9859,3.5235
13448,1.2751
12954,2.1943
3261,2.5163
7244,1.0101
967,3.8124
3184,0.3316
7537,5.7349
462,7.2218
2991,3.636
4996,0.1213
13515,3.7865
4028,2.1955
9112,0.5788
13547,2.1519999999999997
13212,3.8392
7477,3.0258
2563,5.5827
8726,1.5593
4560,1.3501
2113,1.0649
5391,1.1347
4243,2.8391
7976,0.3265
6978,2.1097
4693,4.2148
1505,5.5402
4648,1.5203
1724,2.0808
4835,3.0192
3517,1.5430000000000001
4871,6.0226
13061,4.2281
1845,4.5049
6928,4.171
286,1.0158
6773,0.3836
0,0.6115
5044,3.299
13488,2.3112
8800,0.7382
4958,1.7359
9505,2.9514
7174,3.7912
9638,2.8022
667,0.4088
5922,2.5892
1102,2.0243
1,3.7951
4917,0.6803
10762,4.0348
7429,3.2489999999999997
3866,0.6263
11099,1.4951
11060,5.5421
13629,2.9366
11772,0.5134
8065,6.474
11129,4.2535
12209,3.7601
3287,4.8623
13251,0.7261
4331,1.7186
3382,2.3609
3623,0.2537
7929,0.828
5013,2.0332
12215,2.9256
7396,1.0492
2550,0.7217
3534,3.5426
8682,4.548
11447,0.3249
9236,0.9476
5629,5.6785
5788,3.4344
6666,2.7704
1973,1.0975
2842,2.3946
12754,3.3965
5190,0.0955
10854,1.1963
10370,2.5588
10555,1.6284
6178,0.2379
13184,1.1637
2634,2.3733
8150,4.0245
7514,1.2909
9773,4.0409
9743,0.9824
4044,4.7458
9032,0.5914
902,4.0099
1984,1.8231
552,3.1481
4778,2.2626
1241,1.1447
8858,0.1945
8862,0.8327
6273,2.6194
2124,2.4907
13293,0.5324
316,2.3809
1723,2.6551
1130,5.3145
1430,0.8481
13444,3.0221
661,2.5585
9399,1.0164
5973,4.3553
12066,4.7330000000000005
4643,3.9498
8708,1.0590000000000002
7286,0.7512
1995,2.5474
3116,0.877
3744,0.3416
484,5.2238
2211,0.6969
905,1.8072
5048,5.4229
10836,3.5684
10997,3.8203
9646,3.5031
9432,1.9687
7844,3.2439999999999998
12107,1.4526
10177,1.6129
235,4.2509
8370,3.5046
7032,4.2824
2834,2.9901
4685,3.5276
7426,0.7324
8059,3.1258
3214,2.716
5028,1.7027
11632,1.1371
10392,3.9954
3328,1.8481
4628,3.6406
10726,0.1777
5600,3.6973
12078,1.6076
7807,3.6987
3220,0.2949
12437,2.1862
8569,0.3737
7257,3.0225
13082,0.8939
607,4.1956
13813,1.8785
5163,3.325
8471,5.9375
10968,2.055
4448,3.1813
6488,0.3653
12253,1.2690000000000001
10930,1.3112
3349,0.1398
7925,0.9195
10803,6.4948
1647,0.6517
6105,1.7306
3763,1.6678
3926,4.4591
3484,0.8877
10013,3.8822
5175,3.9396
6215,4.7556
3489,4.2955
13823,3.577
4111,1.5914
6360,1.4829
12397,1.3724
12203,2.7586
5655,6.8275
5897,2.0251
2560,0.7858
12732,0.1465
3294,1.2435
10061,2.2216
9424,1.3789
5961,0.4173
10076,2.0442
3546,1.5697
4390,3.3248
8277,1.0374
726,4.649
11496,5.4910000000000005
163,7.0052
5504,5.7441
7414,0.29
7061,1.4127
6086,2.3266
9030,6.3568
9558,2.4989
1290,1.2042
6301,4.127
13077,3.8065
6555,3.9988
9890,2.4692
3282,5.2855
2631,4.9863
1480,0.8296
12926,1.4204
2279,3.2964
7315,1.5738
5568,3.0277
3193,0.4785
56,4.2866
4233,0.8889
8496,1.1983
12879,3.4633
372,2.9727
12840,3.2260000000000004
2504,1.4744
6784,1.3732
9591,5.8706
12450,1.9821
9584,2.4189
13737,1.7589
9073,0.4969
555,0.8204
10539,0.1097
9445,3.2292
9343,1.4929
181,2.3816
2076,3.888
3355,2.2288
11682,0.9342
5218,0.9523
8765,2.3812
4613,1.9516
7898,2.8678
3322,1.6575
2535,1.642
5892,1.5011
570,0.5408
8166,2.698
504,6.3119
10269,4.1207
13701,0.1063
957,1.2934
5822,2.0084
12065,5.0158
10278,4.3241
6100,2.1958
6603,0.1014
5041,1.1894
2637,0.3119
5862,4.2908
10770,3.6641
5557,0.0984
3046,1.9063
8898,0.8712
4878,0.2554
2035,1.6909
8782,4.5089999999999995
6623,3.4071
12349,1.6440000000000001
9107,1.3622
2057,1.7041
9707,1.7701
5676,2.3973
12994,3.1303
5329,1.9938
740,0.8313
5530,3.313
3369,0.8270000000000001
3100,2.1014
5721,1.7427
10797,0.9163
10644,3.0673
9062,1.8654
3548,2.9474
1902,1.7767
6546,1.3191
1386,4.9689
10244,2.1833
12254,4.2796
6205,2.9339999999999997
13012,4.0869
8330,3.5536
12615,2.8803
8002,3.045
8539,1.2877
640,2.1444
11414,2.4369
2911,3.6792
12169,2.7407
826,4.5675
5243,0.8773
12623,1.3841
8272,0.7935
5936,0.1027
9900,0.2824
10909,2.8789999999999996
13046,2.6099
5347,1.4434
2252,3.7387
8864,2.3423
11697,1.4034
9293,5.6615
12842,1.9724
10079,3.1878
10211,2.1202
6677,1.2252
8823,3.5186
9273,3.1226
10601,1.1478
13038,0.6501
8476,0.9227
6640,3.8723
7510,5.1992
10948,5.0044
11760,3.0899
2672,3.7517
1393,2.4822
10659,2.6806
7318,1.3021
12694,5.7456
1955,3.4835
781,2.3596
6938,2.2706
7171,0.574
298,0.3442
8399,7.0034
13340,4.7615
4712,4.3558
13567,1.2805
6040,1.128
10396,1.6381
11948,0.4772
5355,0.1677
3471,2.6719999999999997
114,2.2269
9459,1.9289
39,1.9442
8920,4.1174
6303,0.6824
371,1.4129
1127,2.3759
5482,0.9409
11494,1.8441
8208,2.1829
1508,0.1361
1091,2.9276
10594,4.8378
7583,3.025
4787,1.7371
12934,0.8257
4488,1.1976
4125,2.1946
4946,2.7053
8444,4.5524
8216,4.697
3080,5.5921
11664,7.0877
3028,5.1892
10253,1.7666
3918,2.3465
10133,4.0106
5919,2.5444
6049,1.8804
10444,4.8744
11897,2.6461
6114,2.3713
9928,1.99
2024,3.0572
611,2.5101
3783,3.1595
5360,3.2735
7931,3.4664
12000,1.5233
9138,0.9094
10743,2.0055
8937,5.2316
12664,3.8414
6087,2.912
9207,5.9094
1810,0.613
13489,2.5723
11423,1.0109
5107,0.5601
5780,1.0927
2444,4.6833
7732,2.1192
77,3.0926
1965,1.0031
7010,0.5977
1455,1.4961
4896,3.5197
3807,0.8146
10482,1.6006
325,1.1722
11634,3.5858
12297,1.2405
3753,2.5473
6426,1.3678
514,4.4575
380,6.9203
13309,1.0337
3871,4.0068
9021,6.6056
10597,4.4924
12740,1.4721
6601,5.5727
5443,5.8877
9973,4.881
1795,1.7062
9518,0.3447
5106,1.2835
7634,0.8878
11264,0.8975
3957,2.4033
4223,1.37
4098,1.8429
10926,3.3839
5038,1.8241
1326,3.4705
8262,1.3466
9519,2.3321
8064,3.1216
1868,3.1846
13474,3.1633
2306,1.1709
13455,0.8794
11367,0.1835
7392,1.399
4805,1.7881
4202,0.0986
3876,2.7789
11671,3.8867
2247,3.5810000000000004
10448,2.3702
9064,0.6565
359,3.0202
10587,6.02
942,1.1305
8742,5.8766
9185,0.3271
135,1.8947
8155,5.2441
8056,2.2722
6696,2.8095
13200,5.5173
7431,4.3731
778,1.3214
12819,3.3923
8598,2.0319
626,5.4883
8610,1.7725
4907,2.4454
1794,3.9107
9907,0.9674
10160,0.9987
4463,3.1686
12541,3.7653
6588,1.5738
3194,1.1035
1939,4.4899
2565,3.5381
775,0.529
5580,1.4856
6742,2.3571
9414,3.7101
2592,6.7786
3002,1.8486
10912,3.2842
6992,3.877
934,2.1812
4179,0.4559
7208,3.3996
7406,0.9167
7288,2.2527
6469,3.8815
600,2.6436
361,3.2537
34,1.3081
11646,1.2224
7546,0.2021
8454,5.7126
9869,2.4712
3554,4.735
4564,7.1361
6277,0.5591
6879,2.7375
6261,0.746
8074,2.1006
12733,5.6770000000000005
6699,3.0784
295,1.9382
1867,1.5308
9852,1.4757
5071,4.269
863,1.7457
5997,0.8877
1194,1.0592
12396,0.9511
1682,0.5529999999999999
10512,0.09
11290,1.7275
4789,5.3033
8600,1.91
12850,2.8677
819,2.5339
1874,1.1241
9120,2.2089
9190,4.3991
9168,0.1732
13761,5.6431
1189,2.733
6274,3.5314
10642,2.4153
11499,1.4616
9740,3.4416
9733,2.2853
1923,1.9943
8790,4.7891
11947,0.9687
4528,0.2042
5727,2.0817
4865,2.0529
3092,0.493
3875,2.0779
4215,5.8245
4088,2.5624
2572,0.3314
8442,0.9958
5792,5.5127
2171,4.6517
11162,2.6488
4579,2.4341
12727,1.7526
2862,2.5599
9052,5.1933
5408,1.7439
4796,3.4814
349,6.3746
11548,3.53
402,2.7839
8134,2.1244
672,2.4765
7577,1.111
3709,1.3601
2089,1.7779
4176,2.5696
367,1.0551
3038,3.3924
6196,1.7405
10882,3.0695
8261,7.4255
16,2.9343
1592,1.1198
11951,2.6966
5685,2.0932
3241,2.226
5093,0.7307
3393,2.2319
4101,1.7702
4556,5.6986
8547,0.2699
6649,3.0915
7249,0.5062
8508,0.1743
144,1.1923
7356,2.0701
3767,3.1027
5214,1.4617
3001,1.2476
9855,1.4774
5542,1.829
12,0.2099
8269,4.0806
2445,3.1075
7422,2.2628
10534,2.2662
10344,3.0178
9583,5.3711
7521,1.5907
5307,5.1602
6453,1.545
5773,3.0148
10174,4.9515
13678,1.7713
4875,3.6092
1906,0.7095
2540,0.3263
1224,1.6603
4499,0.3357
5178,0.2743
925,4.2305
6464,3.4721
6680,2.7044
4966,1.3574
12426,3.8815
794,3.5027
6694,2.8136
12501,2.0174
3335,0.3468
9482,1.5830000000000002
11089,0.8063
543,3.6694
625,2.0778
1324,0.825
13553,1.7447
6543,4.1604
1519,2.6264
11683,2.7757
13162,2.3711
1415,1.7889
8808,0.2988
7891,4.3306
5657,1.6051
7526,5.7257
11833,1.0877
11223,3.9489
10055,0.9444
12367,1.0435
2525,2.8054
13688,4.7779
8484,4.5063
2736,7.3754
1778,1.3725
697,4.4355
3332,5.3679
1144,2.182
6387,0.2722
5709,2.3687
10145,0.5356
5575,1.8666
4097,1.195
322,0.6072
6415,3.2366
4994,4.9139
13018,1.7709
13033,3.8841
9095,1.5112
6526,1.2319
835,4.8318
10877,0.6509
10812,2.4687
1813,4.01
10938,1.3659
12150,1.7729
3791,3.9028
8202,3.4667
9887,4.4466
9472,2.2875
3240,2.1305
10132,2.1335
374,0.1977
524,1.0104
2388,0.1363
832,1.5635
8375,4.8908
1604,1.5565
2526,1.1465
7178,4.3532
84,0.8498
6059,1.838
1942,0.1372
3410,1.6025
30,1.7672
2983,3.9641
13601,0.8938
865,3.8737
2356,0.8558
6782,1.1106
3601,3.4237
10415,2.6292
11661,2.7028
6607,1.6440000000000001
3982,0.3928
10362,4.9349
2902,3.2477
5723,4.7129
5690,5.6256
4576,2.6477
12176,0.4732
7447,1.4659
3452,3.1057
1304,2.8681
1339,4.6428
7373,2.6894
4384,3.5029
2579,3.2184
10962,4.9461
7082,2.1709
3431,4.5506
9700,2.5617
12245,0.9859
147,2.6785
9026,4.6992
1350,2.4806
3967,0.2826
4385,3.5416
5593,0.4695
1561,0.3106
911,2.1630000000000003
10457,3.9609
10545,0.9989
13570,1.6024
5702,1.7142
7357,2.2322
3862,3.0812
7162,0.7092
9279,3.5783
8331,1.9680000000000002
608,2.9994
1021,5.0053
4731,2.6968
2330,3.1245
13057,1.3072
2493,1.3204
10657,2.4867
1184,2.1479
1875,2.3442
4439,2.1747
3812,1.6424
11849,0.7244
741,2.0685
11068,4.0081
6227,1.3773
3528,3.8445
4454,1.1891
7218,1.1997
714,1.2312
3793,4.8444
9520,1.4579
5786,1.6573
9009,0.6598
10140,1.3917
2135,3.8489
5478,1.8115
11336,2.7328
1287,1.6029
4410,0.5446
10691,4.9187
12658,0.4507
5931,1.6598
11276,1.3011
1037,0.226
1470,2.1687
13136,2.9064
6440,2.3225
11910,1.0513
1585,1.1127
5202,2.4042
4585,2.8503
2624,2.2466
257,2.803
11852,0.7679
2411,3.9222
5324,0.6179
7083,4.7029
9963,0.8759
12818,4.3507
13370,1.5716
11469,3.867
11617,1.2007
9448,0.2144
1394,0.5054
9037,4.5977
3115,1.6779
1025,1.922
11895,1.0378
203,0.3843
11053,0.2195
4115,1.1105
575,4.066
5535,2.4308
6919,4.1436
2273,4.2713
12301,3.0239999999999996
9585,0.6743
12284,3.2906
3087,0.1818
10583,2.5173
10832,0.9308
8377,3.3003
12164,2.6036
2701,0.4075
4148,2.9358
10739,1.9586
11357,4.1423
10439,3.6466
111,1.2125
8363,2.2841
11708,3.213
3021,0.7331
882,2.6505
5633,3.9535
12148,2.427
3453,3.1761
6284,0.9046
3339,2.3861
1478,4.9646
13072,1.0365
6663,6.8097
7066,5.2295
13770,0.9455
8885,3.313
10480,4.2561
9652,2.6096
602,0.478
6348,3.306
5124,1.7607
913,6.6119
11449,2.1919
1198,2.4292
1765,0.9694
9828,1.1244
11799,2.1151
5697,1.5537
9649,1.3894
2389,0.4361
8761,0.4259
12097,1.3462
5074,6.4612
11098,3.4048
989,1.9728
12892,2.5394
3725,3.2584
7456,4.3175
8125,1.097
11843,2.4231
2595,0.267
4083,6.5586
7745,5.8075
7657,3.0748
3254,1.7202
3907,0.2257
11993,1.7219
11687,0.2542
8688,2.6181
12021,1.8472
8040,1.7009999999999998
8143,2.3941
13047,4.4648
11921,4.6986
9953,2.0133
8129,3.0641
11075,5.6233
13143,2.6054
4727,4.1586
3296,2.8467
5299,3.4222
7299,1.7818
10672,4.5945
9147,1.1972
1006,0.1343
6851,4.757
11200,0.2917
6514,1.1475
12493,5.3501
13333,3.3452
178,4.5882
3542,0.4212
8165,0.4795
1352,1.5551
6108,2.8888
8566,5.5292
7582,0.78
26,3.1279
2743,4.7712
13407,0.8743
1105,1.2428
368,1.7909
7511,2.7211
11085,3.6006
567,0.8268
5618,4.4703
12241,2.0566
7331,1.5875
881,4.1865
3290,5.6094
11547,3.8004
8214,1.7714
9939,2.8562
6367,0.7065
12701,0.1528
4951,3.4794
369,2.5734
5292,4.5374
1468,3.4689
13380,0.645
4925,0.5872
12673,1.8652
8513,3.5666
4884,0.3043
5303,0.2058
7601,1.8148
6021,2.1409
12659,1.7636
3098,4.891
3465,2.8321
13670,0.5191
12745,4.0581
7855,3.0410000000000004
11267,2.4762
5677,1.0224
1544,3.2442
6834,3.0941
12706,2.8572
12832,0.10099999999999999
13429,3.2936
7505,2.1425
7873,0.2249
4228,0.3695
10894,0.5369
9800,4.3787
12131,0.983
3599,0.435
7029,1.2656
4422,1.3376
13687,2.3434
10961,3.627
5457,4.0647
8171,3.2778
5764,4.5269
9053,3.4616
8089,0.491
4827,0.66
4313,1.9513
10942,0.1964
3411,2.3715
4926,2.5649
8775,4.0687
758,4.4013
3426,3.306
1511,5.9872
6399,1.8509
329,1.9338
10553,0.3359
1471,3.2254
1123,1.494
3395,1.5092
12887,2.3332
10763,0.3441
8796,1.2181
12099,1.4433
8704,2.5761
6950,2.4371
4212,3.2616
482,3.3936
488,2.1276
288,3.2448
13343,3.0060000000000002
11334,0.7918
3792,0.2548
4430,2.481
12306,0.6786
12789,3.2862
9111,1.4851
1899,3.3206
12773,4.4185
12029,2.6811
441,3.0868
9761,4.936
3149,1.6418
5531,2.6749
3402,2.2067
4575,3.0653
4908,1.4415
10451,4.5095
10349,0.8506
8294,2.042
3041,2.1296
7167,0.1716
6024,3.3025
13391,6.5605
1952,2.3354
3923,1.9509
3976,3.3749
7307,1.6481
10960,1.3734
408,2.7145
4696,1.7128
7643,0.7992
6414,4.9912
5714,0.6843
10741,0.1032
11262,0.6731
11048,3.0875
5675,0.654
7994,1.9493
1883,4.1424
12924,2.1845
4634,3.5483
13312,2.6486
11349,0.8209
13556,6.8345
9813,1.8553
7015,5.8904
1291,1.8709
3088,3.1206
8107,0.7147
5965,1.6646
4249,5.1156
1667,3.4546
8575,6.6671
12714,3.234
2400,1.9071
104,0.7592
11232,1.1749
9803,1.1116
871,2.6998
11289,2.4494
9114,3.1091
7416,1.1997
9637,2.2636
12361,0.8204
2262,0.7951
1954,3.4311
3463,0.6752
11868,2.4385
4664,0.1922
2831,1.3625
583,5.2942
11188,4.382
1199,2.9235
13283,1.6686
5684,3.3734
9390,1.8877
5906,0.4035
9894,5.7584
9361,4.9577
2714,3.9998
1759,1.0327
8324,4.3828
12612,1.1477
4733,3.911
593,5.7544
9956,1.0198
13321,3.9902
8449,3.0026
1985,1.794
10379,2.6564
8433,1.4062
4106,4.4409
4745,1.2755
2022,1.7034
3913,1.3659999999999999
5835,2.7642
1842,5.6229
11124,2.7716
7718,1.9396
785,1.3027
9590,5.4931
8979,2.0817
8640,2.5537
11637,4.9641
5842,2.6664
6652,2.1398
7903,0.7293
542,6.1151
3732,1.3444
9243,3.1955
3438,3.6739
9439,1.0418
2452,1.7288
5103,1.4504
11657,1.7387
10179,3.2356
7279,3.5012
13525,0.2772
12963,2.4778
10927,1.3987
4455,3.5688
1732,1.2745
10449,6.2691
11183,5.4705
4605,0.539
426,1.7799
11559,1.0519
12761,2.1793
13219,5.2211
8643,1.7537
10777,6.79
8429,0.1919
164,4.3358
4980,3.1734
2508,0.1486
9046,2.3096
10043,4.5697
11807,4.8268
5149,3.8947
3879,0.9046
8946,0.6778
4343,2.6872
4774,0.9765
12373,7.3882
13625,2.8104
2090,0.5833
8356,3.7488
10131,0.3919
9908,5.2677
2527,1.8551
12906,2.1098
9334,2.3612
1930,1.5244
12372,2.4093
12376,1.9186
8336,0.9474
7784,2.8539999999999996
13091,2.7398
5497,0.2727
3646,0.4972
1132,4.5157
11724,3.9919
5913,1.022
7846,2.8214
11533,3.2675
8608,2.1594
5460,1.2153
461,2.1716
8029,1.6556
11248,2.6895
7700,1.4609999999999999
533,2.6187
1974,1.3229
7775,3.1341
1663,4.5841
3032,1.2712
8865,2.6637
7070,4.6355
3640,1.2678
1708,1.1246
746,2.3139
2368,1.7885
13690,0.8114
5724,4.5394
6046,2.1526
140,3.2512
9839,0.5722
11838,1.0829
11929,0.8684
10308,2.5413
7772,2.2975
5473,1.1381
11954,0.9129
9249,6.952999999999999
3235,0.9371
13107,1.1811
10376,4.3316
8565,2.4221
3678,2.056
5847,5.7781
477,1.4697
11395,1.6756
2552,0.6445
10713,4.1562
330,0.971
12051,2.4516
7557,3.0129
9170,3.0392
1042,0.7333
13635,2.6275
10347,2.3583
4622,2.8184
10905,0.4876
7968,1.0032
7313,1.5835
3064,1.2679
2289,4.2748
580,1.6427
12037,2.2385
7682,1.3016
4432,0.5337
8355,2.2872
3068,1.5075
2815,3.1551
2965,4.7625
4204,5.99
2157,2.5986
3995,1.8342
572,4.1707
9435,0.7245
11047,3.0557
3513,1.2164
12121,3.4614
9663,0.6359
12167,3.6272
7984,2.9139999999999997
10228,4.6741
8203,6.7912
7953,0.2488
1622,3.0458
6018,0.5146
10866,0.7043
1233,0.3438
8668,3.9163
6569,2.7202
10037,1.1640000000000001
6442,1.3457
4438,0.0948
9992,6.1187
6089,0.1303
2808,1.4814
8145,2.0973
11861,3.909
10576,2.1789
1950,5.91
13694,1.9849
663,3.3095
10579,1.2056
8274,2.6861
3420,3.654
11344,1.1202
12181,1.4913
7072,2.6959
12326,0.1689
4505,0.6518
7158,2.8925
8646,5.9317
4090,1.2782
2328,0.9244
2625,2.5727
8793,2.1517
10819,0.2094
1802,4.516
6564,0.8604
10406,3.0914
2122,5.0295
12257,1.6036
12515,1.3278
963,3.78
7708,3.4164
7265,1.476
2260,2.702
7904,1.9616
13031,4.6782
11501,1.4803
4667,1.7522
1746,2.3930000000000002
9691,1.9948
4800,2.9165
9125,1.3330000000000002
9672,1.3679
11210,3.593
13238,2.9117
293,3.0357
4779,3.9363
4574,0.7682
13171,1.2881
4691,0.6482
12156,1.1659
9975,1.4311
12693,0.2935
11222,1.0254
11363,0.4104
10497,3.0512
535,5.2892
2668,4.6146
4473,3.5444
9877,1.5854
4913,1.8173
13335,1.0719
9681,1.7879
319,3.2569
12331,2.0552
2268,0.8318
2495,5.3973
13334,3.3787
7380,0.6888
6592,5.0571
10630,3.6061
11899,2.3278
2006,0.284
9403,1.1808
4370,3.4471
5873,4.4885
13224,2.8441
2739,4.2518
9157,1.8516
3459,3.7317
8115,1.0777
2820,3.0356
4232,3.1455
12690,2.3925
9664,0.2779
5308,4.3688
2556,3.207
2977,0.7963
9884,3.9143
6657,0.6324
11028,0.9468
3652,2.8831
5861,3.3798
11191,3.4384
9299,1.5865
6362,6.15
5070,4.1613
8382,0.8877
12670,1.8612
10184,1.5244
9282,1.9129
6094,3.9772
4912,7.0567
3344,3.7174
9627,1.0248
2099,0.7295
6824,2.7705
13083,0.7139
7378,1.9356
3638,4.2345
2047,3.5859
9750,3.2217
7211,2.888
734,3.9424
1619,1.6877
3012,1.1155
100,2.3627
3359,2.8032
1313,0.3231
11656,4.0712
12607,1.2634
7436,2.5917
5733,2.6639
6836,4.9239999999999995
1495,0.531
12046,3.3088
5717,1.237
9102,2.977
849,1.1992
12698,4.1284
5594,3.6998
2162,0.1545
6093,1.1517
11389,1.841
1417,3.2647
8768,5.7239
12155,2.8548
12671,1.31
7519,0.3083
12126,1.9154
4329,2.1401
10046,2.9375
11963,2.4396
2490,0.3429
13631,0.4004
1503,2.0625
10827,2.9904
9633,4.2822
10112,0.7993
10435,3.0374
8301,5.3893
5627,0.8036
4524,2.6934
11133,0.6312
3645,2.9304
1238,0.8416
9543,1.6761
3997,1.3101
2059,0.7167
11535,3.4614
9582,2.958
2381,0.5946
1388,0.634
336,4.0903
8460,1.0541
1999,0.9444
6793,1.3081
2795,5.9596
5394,3.3842
5804,1.9341
294,5.1281
4061,3.9606
3236,1.9081
5151,0.1459
394,1.163
8106,1.1206
13192,2.3318
12613,1.7159
11927,1.3464
2509,3.5384
1240,2.9419
8526,0.1685
11221,3.8978
9350,0.331
4095,6.7925
2523,2.4106
5375,0.7188
10407,2.4
11444,1.0344
11751,0.3735
9588,3.8771
12875,4.1651
7813,2.0938
6929,0.3883
4389,2.6329
2079,4.281000000000001
13789,4.5627
7212,1.5016
11813,1.9256
12979,1.9768
12513,2.1102
3408,1.3035
5184,5.0946
509,3.8356
3972,2.2213
12128,1.2944
12307,1.6159
6396,3.7974
13715,3.6263
9352,0.3589
9601,2.2867
1976,5.8584
10684,4.9156
7633,1.9228
4586,3.7097
10134,0.2204
12016,3.3389
4066,1.6022
3034,7.4784
13130,0.5858
7996,3.1953
10461,1.8555
2578,3.7115
3398,4.0502
6732,0.8921
5680,3.9298
9449,0.9724
12592,1.5664
9295,0.2984
10693,3.6232
836,2.1703
1966,1.5766
4700,1.4649
1829,1.1728
12226,1.6297
2039,0.6368
5133,3.4558
5746,1.4198
5830,3.4785
6721,2.9308
13598,0.8971
6750,1.3973
707,2.354
8281,1.1679
7744,2.8754
10110,1.7371
8102,0.354
9031,3.938
2744,1.0342
9694,3.9969
9512,0.5517
10002,3.8017
589,0.5587
11220,0.431
6902,1.4973
5063,2.4821
7025,1.4008
11983,2.5501
2484,1.1833
379,0.6293
12362,0.8117
8873,0.5116
7754,4.8924
3238,4.7023
209,3.9338
9262,0.4524
2644,2.5566
2053,4.3271
2717,3.5458
10137,0.4846
10528,4.9446
7173,2.3977
4735,0.7152
6127,0.7525
3719,3.2961
4504,1.4632
1678,1.5316
3292,2.6844
8047,0.9265
10390,1.1098
10538,2.0062
6033,2.4027
6741,4.9547
4011,3.1898
1831,3.2901
13514,3.28
9460,2.2927
12394,2.1343
2063,5.397
8921,0.1799
8874,2.3071
10708,0.6281
2477,2.4643
3606,1.494
9305,3.5552
9454,0.7439
9077,3.4843
6584,1.925
11446,2.2271
1882,2.416
3274,0.8155
11731,4.0212
183,3.0072
62,1.9996
12599,1.6163
13702,3.4407
11453,5.031000000000001
5977,2.3397
13177,0.1398
9324,1.641
2483,3.4609
13800,1.6380000000000001
8309,1.8099
3530,1.36
3908,3.3278
6762,1.395
4734,2.3039
8423,1.7078
8909,1.4335
702,4.7929
2554,0.3417
7617,0.28300000000000003
2433,0.8082
2005,1.6226
7427,1.9353
4282,3.6181
7569,3.1552
13643,3.9492
9136,2.1752
7559,2.105
3361,1.5487
3013,1.9139
11695,6.5705
11328,2.2554
2985,1.1712
9468,5.4344
7892,5.1406
3544,1.76
1244,3.1337
8514,0.8785
6062,5.6064
11385,2.5012
1193,3.6797
8186,1.5795
747,0.5997
2751,2.4304
4940,3.201
5491,5.3011
12384,3.6757
1080,3.5887
5302,1.7402
10589,1.5678
11543,1.7441
5094,3.8214
7632,2.6325
9166,0.6878
793,5.3314
8264,1.2679
13838,4.4449
8713,2.9036
3178,0.8192
11137,0.9875
13281,1.0766
4769,0.669
160,1.4546
467,1.9085
5027,1.7405
5343,2.2046
3239,2.3557
8421,0.6872
3441,3.6358
834,2.041
12409,4.0034
224,0.5419
6334,1.9013
5955,2.0071
11886,3.4982
9849,2.8864
8185,4.0409
9745,4.9137
1826,0.7568
13310,2.9247
7887,1.6182
10294,0.5863
9655,1.6589
5796,0.57
12350,3.0236
1510,0.2685
1457,5.9154
7722,4.9436
9938,4.4686
9629,5.4117
8164,3.3857
12173,2.8916
657,0.4466
13679,0.6619
8061,2.0864
4550,0.18
7967,2.6194
11529,2.2256
8322,1.2265
11659,3.2981
7585,1.8642
4762,2.4179
13464,3.9652
3348,7.2482
1707,3.5256
1898,3.7212
4916,0.1333
12243,1.4646
10563,1.3547
9267,0.0959
4274,2.5115
541,0.3873
3887,3.8101
12258,3.0761
9156,5.3833
7157,1.3344
4962,2.306
5445,1.168
11690,5.1579999999999995
1041,1.7267
4710,4.4025
3259,3.0369
920,3.659
13102,5.3225
3132,2.1722
70,0.7522
7419,1.1828
3992,3.6118
9127,1.4305
12549,2.4229
3978,3.9035
11761,3.6135
11101,1.4055
10321,0.1902
13571,0.2654
9734,1.8266
6934,3.5813
2840,0.5637
1785,5.56
11934,2.4796
13126,3.0031
2766,0.4601
7333,5.4506
7071,1.5309
13780,2.0829
7950,0.6847
285,2.3578
3291,4.9806
8076,1.2982
11924,5.0906
11582,4.2574
7801,1.4743
11285,3.7942
6478,0.5155
12510,2.5394
10592,0.1233
10831,3.2929
7614,3.6033
11482,1.2808
9947,1.3308
9632,4.9396
13799,1.4353
7149,0.6101
1838,2.2442
13483,1.9654
13673,2.5694
13803,2.2135
422,1.5254
7726,5.2752
3427,4.9616
9622,4.1943
156,0.10400000000000001
5715,1.574
7415,5.1831
1537,0.6295
10934,1.4922
6760,1.5913
4477,1.1937
6208,3.3963
11443,0.9659
2292,1.9039
9004,6.6011
7350,3.6022
5632,2.7204
9191,3.5539
7656,3.0979
1686,2.9088
4547,0.418
9462,1.8038
13208,0.4161
7137,2.2239
11904,1.9232
4880,0.2811
2636,3.6743
9316,3.8678
2775,4.368
9522,5.0124
10851,2.0151
1581,2.7055
1764,1.2968
1106,3.2510000000000003
2656,1.3611
6874,0.972
8364,2.5759
1108,1.8057
5777,3.2962
11959,1.8676
4877,2.4317
7046,3.2561
8135,3.0339
7819,7.09
10124,2.1581
894,0.7471
612,0.3993
8563,3.2079
6597,2.4873
9836,1.2818
11907,0.6701
5125,1.9453
889,2.6497
9821,5.9778
9179,1.7522
4077,0.2663
7820,6.4151
11824,4.8506
7854,0.7799
2105,2.3409999999999997
8284,4.1626
2166,0.657
8046,0.3348
12990,1.7514
13394,3.5757
13658,1.1454
2398,0.4624
9704,6.25
13186,1.8211
10468,4.1296
1134,2.1721
2481,1.7907
13793,3.0686
8153,2.9117
9794,4.3787
8174,0.4393
10251,5.3838
3197,1.7797
12249,2.4348
8067,2.1284
4057,0.9525
13308,1.8623
2450,1.2382
3312,2.1601
1962,0.7609999999999999
10985,5.3329
5193,2.9648
7069,0.6499
13330,1.9085
6386,1.0503
6956,2.0808
4858,1.6769999999999998
13463,3.3521
11694,3.4539
3201,2.3188
3027,0.9314
12410,1.2329999999999999
13183,3.9706
92,1.0777
12712,1.226
7285,1.8957
5810,2.9128
3864,5.1446
4665,4.7879
1005,0.344
2982,0.1034
12423,3.0326
1595,1.8678
12890,5.5889
9784,2.3546
5770,1.8230000000000002
5928,0.6225
11831,3.7406
9274,1.0404
8984,3.1957
1793,1.7557
3714,1.2173
11957,2.8386
1420,4.7368
12118,3.0564
11149,1.3129
6406,3.7111
10738,1.3106
10128,1.8813
268,2.5951
1058,4.8357
3031,4.1005
3248,0.7491
12325,4.7387
8219,1.7934
8945,1.8319
9895,3.9988
5489,0.2295
13674,4.5864
11033,3.4687
136,4.1599
13561,2.9189999999999996
7839,1.4406
3057,1.0224
2085,0.716
1219,4.3848
5143,2.6357
9196,1.4544
7268,2.6859
10658,3.5619
10243,1.5779
4006,1.8951
2082,0.7129
13170,3.4043
11305,3.9824
2855,2.9441
10577,2.8995
12791,0.3231
2915,1.6243
9611,1.3078
5507,0.9738
10571,1.5028
12877,2.8195
9922,1.2308
2694,1.9980000000000002
12178,0.3356
10478,3.2495
11249,1.9434
12109,1.0877
13352,1.7623
1506,1.5308
13667,1.6078
3809,1.3165
4161,1.3412
561,0.2808
99,0.995
8744,1.3729
5814,2.1641
13551,2.7305
13810,1.2337
6594,1.1829
2640,1.7565
10312,2.707
2807,3.5551
6889,3.4928
11049,0.18899999999999997
6109,2.8785
10500,4.8968
106,3.5082
7598,2.1234
968,4.7476
4079,5.1897
6794,0.6328
5085,1.6087
13833,4.4596
2869,4.4259
9049,1.9031
2713,3.3782
11805,3.8029
9647,2.8596
3416,0.8713
9524,5.656000000000001
3516,3.8355
4773,0.6432
5459,0.8408
5934,0.6754
3756,1.86
12882,3.4646
11432,0.5728
12946,0.2011
642,3.9653
12081,0.9268
5446,3.8548
1249,4.0127
10860,1.4394
10828,4.0073
9891,0.5985
11278,0.1723
1294,1.7095
6795,3.0248
6752,0.8455
10048,2.68
6422,3.1723
3716,0.494
1572,4.5041
7358,1.0797
5449,2.176
5630,0.4811
7560,4.1545
13503,1.8804
8332,0.2631
1013,3.9125
8527,3.6747
1423,0.9843
10154,0.3294
2806,4.928999999999999
5335,3.1731
3356,3.8415
9801,3.5198
12967,0.1048
7713,0.7612
13538,5.3506
10214,3.3073
2688,0.2992
168,6.6576
6914,0.9819
9659,3.7981
8759,5.4277
11337,1.3519
1834,2.8354
2003,1.0858
768,1.0613
3017,2.6632
1288,0.6407
3391,2.0774
11607,1.8471
287,1.9887
12407,1.2001
12471,5.1112
3060,1.4832
194,3.2558
3762,1.1768
6004,1.3059
9078,1.2654
4601,0.997
5312,0.9749
345,0.9377
9993,0.6597
9870,3.0029
7460,3.5281
59,1.3391
5388,2.066
9725,2.7087
9608,0.3891
6220,3.045
7523,1.8530000000000002
401,1.2267
2167,1.0811
6507,2.0016
3111,1.1881
11537,3.4324
7260,2.3444
8474,1.6119999999999999
2518,4.0652
6807,2.9634
10100,0.149
8360,5.2356
797,0.6705
5313,2.2613
1690,0.3689
4914,0.4143
7543,2.8145
3560,3.5026
5838,4.1647
1543,0.7458
9388,4.7947
4251,2.4641
8875,2.2874
458,2.6224
1489,3.3726
7170,5.6316
5268,1.4943
9581,3.1201
13375,6.9014
4159,7.193
1800,3.5043
4276,2.3931
10227,0.5511
9669,4.2213
10918,0.2952
4429,0.2005
8904,0.9148
8010,1.496
10247,0.9273
7120,5.9104
12443,0.8634
3583,0.4738
11061,3.717
11855,0.8652
1844,2.1786
1624,1.1824
1216,0.5351
1256,1.2487
10825,1.5722
11811,4.1549
7956,3.4914
12527,3.8813
6116,3.6863
11946,4.6366
806,0.6498
10595,0.1909
11071,4.4791
10951,3.1502
3545,0.48700000000000004
8731,2.4139
12650,0.5858
4019,2.6632
13706,4.6927
11217,1.3632
12267,1.8694
4016,2.9157
13560,0.2933
11242,0.5881
6068,4.0568
7079,0.9863
10711,0.2447
2061,3.4737
12055,0.4349
2397,3.0063
3553,3.8246
4797,2.1594
11595,0.1946
7595,2.8704
9876,1.3814
6568,2.4596
7795,2.0452
3555,4.0348
12075,3.383
10056,2.5488
9358,1.3546
13256,2.5683
8578,1.3414
5869,1.5812
6139,0.19
12296,2.1984
10891,0.8751
10753,0.3569
4203,2.9366
8882,1.1171
7975,0.1913
3195,1.4976
11478,1.7524
8019,3.9015
3297,4.5183
2670,2.0926
175,1.1347
3584,5.3933
5363,2.6286
2321,4.492
8190,2.6843
10091,3.215
1422,3.4151
7815,0.7240000000000001
396,1.1221
11127,0.688
13812,0.1029
4957,1.9343
8995,1.5272
5455,3.6219
11650,5.3351
6125,2.6777
1031,0.9873
13044,0.9601
3082,1.5330000000000001
507,1.7471
7490,2.735
13109,1.1234
11295,2.4895
8453,5.327999999999999
1349,1.5707
9643,5.2453
11782,1.6537
2699,3.4589999999999996
2992,1.8829
6709,1.8936
9778,4.0031
4868,2.301
459,1.3544
11565,2.9478
4235,2.0122
1591,3.6069
8086,5.2247
1993,1.7738
2133,4.7218
9719,1.7462
13771,6.8733
7918,0.9635
4022,0.3615
897,3.9533
1617,4.3253
1935,2.9563
1020,2.7427
8163,0.1626
12285,3.5113
12401,2.3416
1341,4.9343
13519,6.3067
1846,2.0884
13768,0.8437
5743,2.1645
3604,3.3151
7666,0.7106
6558,0.5739
13512,0.598
10369,2.5473
11042,5.8498
7837,0.9771
8130,3.0843
6924,2.8135
3941,2.2643
8994,1.341
3380,6.051
4654,1.7639
2210,4.1682
13064,1.1604
11335,2.1607
9397,4.2555
13831,2.5223
4859,5.1054
3314,1.7961
6167,4.8161
909,1.3734
2012,2.7084
9656,2.0469
11121,4.1741
6248,2.2087
8099,4.3667
2817,1.7656
3682,1.2684
4418,0.7235
8816,5.1573
4319,0.3562
12469,2.3819
1237,0.4798
3761,2.7935
13644,2.6332
950,2.0859
1084,0.2443
6012,3.5073
10309,0.4712
11346,3.6276
2339,5.8169
8694,3.1533
211,2.7041
722,3.7494
10301,2.6556
416,6.8417
8656,0.4447
4178,1.0921
7552,3.3936
189,3.6481
12943,0.1595
4045,0.0963
7095,4.3051
6789,1.8605
8098,1.3756
6777,3.0914
9509,2.1137
12479,2.0099
676,3.22
9322,0.6062
206,4.0986
3630,1.6775
8024,3.3234
4767,1.8424
202,0.3017
717,0.6528
7311,1.8144
792,2.428
3334,2.3087
4813,1.7265
9714,2.0798
3598,1.5318
3434,1.5959
5775,2.068
11184,1.2284
11785,1.6923
9362,1.3159
2299,0.7223
12913,2.2608
6756,2.1491
3774,2.5916
10341,4.2036
4963,1.0443
3826,2.1805
12160,4.1355
3093,1.2423
9957,0.5868
9287,0.6115
13302,5.6551
8242,3.8482
9686,1.7494
8740,4.1836
11812,2.2733
4636,0.322
10554,4.5708
9100,3.1325
9620,4.4612
11553,0.4545
1716,2.7189
7177,3.7879
1872,3.0204
7399,0.2502
3018,1.662
9503,2.4485
240,1.6969
12460,3.1267
698,3.9635
13777,1.0484
440,3.4898
6722,1.1649
5591,2.181
9574,5.02
8669,6.2164
4792,3.05
2492,2.6112
7420,0.4721
2028,1.3138
8758,0.138
11219,1.1232
1205,0.1874
12421,1.9702
7664,0.8463
1416,3.1974
884,2.0397
11769,3.7972
12140,5.3519
1419,0.5447
12240,1.4771
10883,1.1118
7127,3.5129
11696,5.267
10258,3.165
4009,1.885
3943,5.0771
12545,3.2455
10125,0.4036
1916,0.2893
1203,2.6729
9904,3.0993
5698,1.1828
3653,3.2766
5957,5.1007
5912,2.101
6886,1.5656
4631,3.5384
3819,2.9702
8892,3.1376
7712,3.6561
970,3.8498
4327,3.3866
10129,6.0643
10068,4.6833
4866,0.7001
11379,2.0527
1227,4.0864
11178,3.6874
786,2.0947
4670,2.8044
8889,3.1168
3990,1.4403
10969,0.2976
3251,3.9610000000000003
854,0.2062
10608,4.1457
5658,3.0301
5954,6.4084
13221,1.0961
2209,2.8745
7474,3.2389
883,3.2826
1251,3.2589
6254,0.6619
10358,1.1529
10535,2.8334
5417,3.5717
13037,3.2734
350,1.8863
11283,3.7609
9886,1.3221
9160,4.4076
5987,1.0816
12146,3.3173
2814,1.6849
5562,5.0772
5969,0.1228
1156,3.1485
12862,4.8417
3571,2.5918
7235,2.6159
7655,0.9187
4000,3.1298
11415,2.8378
10767,0.5759
8786,1.2382
8722,5.0854
12834,4.5065
11002,1.7097
9556,0.8722
12092,1.2282
10880,1.6494
8408,2.3609
5215,1.6177
3025,0.4582
7954,2.5352
13393,2.9164
9845,2.318
10824,1.8496
7441,3.4282
12072,4.2668
9024,2.3158
13318,3.7719
10822,3.2564
9373,1.9116
6349,2.4577
1307,2.1207
5322,3.2598
3911,1.7725
1384,2.3189
936,0.0912
37,2.0934
603,2.5342
5331,4.2833
1616,1.2905
13395,0.2113
3435,1.3097
4584,2.9942
7112,3.6310000000000002
3533,5.4855
9341,2.4163
3526,3.7671
5688,1.5084
11492,5.1461
4935,5.2758
11532,2.6417
245,1.2567
10223,1.0444
6489,3.0779
10288,1.4128
4492,2.9336
8523,0.8615
6174,5.4876
6448,0.5854
1549,0.2436
7659,3.3055
6817,1.1167
11105,4.2181
9425,2.0727
10580,3.1012
6271,5.2547
7270,2.2643
13070,0.8367
2189,5.0071
7346,3.8196
2355,4.2022
5112,4.4126
12746,3.2689999999999997
10562,1.4474
12758,2.1372
10326,1.8204
13237,4.394
8989,0.8868
11538,0.9137
10359,1.3353
12429,2.7223
13246,0.3226
12144,3.5761
4117,4.8514
5156,0.3553
8349,2.5136
284,1.6996
6134,1.5175
11140,6.836
11288,0.4465
10582,3.1778
6434,2.9339999999999997
7673,1.9123
4354,2.5088
2805,3.2566
8287,3.282
78,5.7793
1453,2.1861
3337,3.0205
5123,4.0855
4040,2.3222
11736,2.7862
1870,2.4764
12778,2.4330000000000003
7771,4.0649
1267,2.0288
12756,1.4826
4047,1.9188
2871,2.3763
10842,4.9296
10665,1.6
3455,0.2031
13417,3.7917
2455,0.439
12205,1.476
3020,1.7573
5444,3.0703
11007,4.0391
1155,3.3489999999999998
8170,5.2727
10297,0.9146
4583,5.7912
4378,4.394
7802,2.3778
7698,6.8859
2761,2.9971
13075,1.6613
12988,3.161
4024,2.8677
5004,1.8021
10955,4.4892
433,5.4276
972,4.0541
4398,1.0236
9489,0.5862
6039,0.5444
3362,3.5615
212,1.1867
382,5.0787
5582,1.5388
9063,0.3314
10229,1.1105
13818,2.494
6632,5.6112
11066,0.3859
6898,1.516
12445,0.0877
763,1.4308
10272,1.3893
8169,7.4461
1024,1.7512
10084,1.2749
6292,2.3443
5870,3.8310000000000004
6527,4.46
3192,2.0373
8440,4.8106
11667,1.9525
11536,1.0319
7944,4.2336
5551,1.1276
4189,1.6756
933,4.9477
6351,1.5231
2155,0.3508
7906,1.1072
3209,2.3007
4523,5.4177
4894,1.4080000000000001
7484,1.124
263,2.1134
3397,0.7011
4640,1.8802
10760,3.5477
3325,1.6531
1788,3.4330000000000003
9088,2.7708
13191,0.7495
3069,3.4907
4326,4.3308
3454,0.2519
7965,3.5553
6769,1.0439
10655,2.6882
9662,3.1956
6343,1.8651
9769,1.2583
6007,5.2217
3330,1.3838
997,3.3914
13021,3.0622
5060,0.1839
7292,1.7484
12050,2.4966
1618,4.4742
13297,4.6538
11512,2.401
6181,0.3832
4681,3.017
1841,3.4369
844,4.4897
193,4.1126
1486,3.1010000000000004
11734,3.3266
12317,1.5222
9529,4.3346
6450,2.5574
2491,0.5334
966,3.6711
2424,0.8763
6228,0.3676
9958,1.7521
11521,0.5203
6186,4.6671
13439,1.9638
8828,0.4606
9412,2.4918
10643,0.3847
4482,7.01
11211,2.634
11291,5.0847
11466,2.8187
11520,1.8608
1188,2.2237
7555,3.5487
3329,2.6362
2949,4.3469
6629,0.8341
2786,1.7163
9760,5.6513
11678,1.6780000000000002
10544,4.8813
3701,3.0267
1363,3.9589999999999996
11758,2.3163
8504,5.7242
1783,6.39
2881,3.4905
4927,3.1386
1315,1.9791
9685,5.2001
5824,2.6889999999999996
7706,3.2536
1008,3.5724
10668,2.9253
5109,2.7844
696,2.9477
306,2.0512
12707,2.1058
13440,2.8645
2836,2.2899
5766,3.5531
13179,2.9863
11574,2.7043
8178,1.249
9791,3.4643
2469,3.6026
3740,0.4602
8599,1.5319
13020,2.9493
6282,3.0613
6977,2.62
11426,1.3028
13386,1.9602
1610,7.3736
13499,1.7125
6370,2.6138
12820,0.9534
373,5.5375
1045,1.9885
6625,1.7829
1919,1.7108
9235,3.5103
1090,4.6554
11153,0.185
6044,1.7434
13416,2.9826
11584,0.4812
11186,1.5946
10806,6.825
7995,0.7964
1865,3.9418
2738,1.8213
4680,0.8627
4998,4.3829
1897,3.7202
5573,5.6299
1302,0.8344
12329,2.4692
4015,2.2608
5763,3.3413
4811,1.5515
8009,0.095
2011,1.6225
7693,2.4828
12505,4.112
9396,3.9617
9086,2.9803
8050,1.4171
6502,5.1151
10769,0.8126
3508,3.0877
1496,3.2102
9452,2.6169
2092,3.128
3166,2.3425
4683,1.5379
7110,1.1478
10488,4.2845
8028,1.2482
5235,1.4646
4427,2.218
9186,1.4511
4999,0.46
1081,3.8171
13665,2.6397
10705,2.8726
9369,1.5669
2788,4.6395
2659,4.0614
6265,4.3211
13808,2.4325
4635,4.2548
11730,0.3362
1956,1.3227
513,6.6766
2923,1.9566
9726,4.2662
2399,5.4862
2139,0.1606
8562,1.8906
13396,1.4061
11593,2.2113
3510,3.2424
13081,1.4272
12414,2.8754
5596,1.8886
12790,2.2029
13199,3.6045
1493,3.5969
9075,2.0584
2269,3.5194
6053,2.7149
3960,0.2536
139,4.0949
6135,0.634
11732,0.4404
13569,2.5818
5806,3.7926
9592,4.5523
4730,4.2345
6974,0.2844
10641,2.8251
13390,0.9266
3539,2.5041
10611,2.7197
12964,5.2787
7239,2.8744
4864,5.4903
2546,0.5538
3320,3.5049
11253,2.6689999999999996
9329,1.012
10929,5.1534
2918,2.0522
11670,2.9598
10728,0.6399
2165,2.9225
4225,2.3608
1069,1.9706
12313,0.6513
11327,0.1965
10732,2.2127
10183,5.4119
2380,3.187
3213,1.3505
9446,5.392
10021,2.2492
13453,3.1759
1579,1.6286
9677,4.0095
9167,5.6642
8886,0.6901
8082,5.8814
8426,2.2133
9200,0.8853
5199,2.4645
4848,0.7481
9208,1.0623
12770,2.5359
6927,4.8180000000000005
1306,1.9733
11990,1.5067
11204,0.8745
12986,0.6712
13406,0.5828
7306,4.0624
13651,2.3032
12400,0.8771
9739,3.2411
3016,4.5111
7652,0.2144
2710,2.0734
12418,2.3364
13319,1.199
11571,0.8758
13814,3.5036
4089,3.3851
4937,1.1479
519,0.6618
2990,3.5544
10804,2.1835
9205,5.3127
2987,3.971
4602,0.4757
7312,1.8315
864,0.6819
7153,2.1737
4014,0.7021
6869,4.5688
289,6.7295
10749,2.6866
1713,2.523
2276,1.2094
10768,4.9556
9194,4.4894
5888,3.7889999999999997
2307,5.4055
12383,3.9456
6918,0.6928
1580,2.6464
4541,0.473
12104,5.4559
3958,0.7764
560,2.3881
6511,2.8586
13411,3.958
2236,5.1137
6267,2.7352
355,3.5914
9441,3.9528
13313,2.9093
1509,0.6951
2118,3.0624
5829,4.7431
12723,3.0974
9612,3.9154
4480,4.0123
5383,0.6804
4857,3.2833
10920,1.4126
780,0.8087
9162,1.7023
5858,1.4438
13346,1.5539
13008,3.0464
10352,4.4613
12895,1.9013
1036,0.7659999999999999
13239,4.8568
2312,5.2382
3058,2.1669
2617,0.7241
1784,5.136
8347,6.109
6257,3.4259
5879,2.9472
3780,2.694
13149,2.2863
3497,2.2680000000000002
12812,1.579
8432,5.2755
9548,3.2251
8916,3.0519
2098,0.23399999999999999
5668,1.8858
9155,4.468999999999999
110,3.2319999999999998
1949,2.8391
4663,0.8476
13579,2.8778
8900,4.2446
7462,3.0139
3509,3.9330000000000003
9145,1.7369999999999999
689,1.0068
9105,1.0135
7862,4.6691
7572,5.5128
4349,6.4256
7494,4.523
1704,0.848
10209,3.2012
9596,1.0781
13640,2.3644
2830,2.229
9559,5.7112
5902,4.7938
1851,3.0980000000000003
5631,3.3292
8224,3.4204
11788,3.3815
12380,5.2501
4671,2.7091
11477,4.3572
12813,0.4011
12105,1.5744
3173,1.8964
7853,0.5828
5384,2.6431
2231,3.7298
2106,1.4116
8422,1.8022
5757,4.3147
10621,2.1448
7971,3.555
12997,3.0654
3720,1.3933
11828,2.5436
8451,1.8747
7231,3.8478
11984,4.4403
8568,3.0963
2194,0.1575
5031,1.9175
3727,1.5962
13785,2.8413
11010,4.0381
3487,0.5513
6829,2.805
8859,0.6798
6255,1.1332
8570,2.1945
5751,1.2522
6029,1.6592
354,0.375
1978,1.3228
13462,2.0507
601,3.0484
11874,3.6504
5971,2.8333
13401,3.4571
2454,1.261
3746,1.6235
5262,1.4208
4976,3.3873
547,0.9164
3525,0.5815
11814,0.7381
11721,4.5395
9291,0.5278
7047,1.8854
3437,3.0351
5737,0.3844
10149,2.3746
2953,1.4911
6813,3.0588
10800,3.3973
9413,7.3099
13779,4.5737
11313,1.1387
11718,3.8501
632,3.1149
91,4.0411
249,4.8639
11796,3.2956
308,5.1544
11628,2.2843
9286,3.4934
3986,3.5652
1547,2.3876
8655,1.8388
10086,4.9811
538,2.1393
12499,0.2433
9071,3.1446
3122,1.2721
6314,0.8016
2496,1.0812
6608,1.1069
8218,2.5069999999999997
8721,2.5143
9340,4.06
7751,3.2643
12759,4.7718
2212,6.6158
1599,0.1922
11817,0.1957
13566,0.2139
11965,2.7578
397,0.1687
2207,1.3090000000000002
599,4.9707
13764,3.9488
2553,3.4487
8948,3.8508
8991,7.1610000000000005
11631,2.2896
8785,4.2337
11966,1.5108
8051,2.877
8351,0.3523
4565,4.7152
8961,0.354
2386,0.102
10879,4.843999999999999
5386,2.8773
12985,0.3269
12718,3.5246
12485,2.6348
10259,6.6561
4190,3.8794
4571,1.4985
6124,1.3412
1743,3.1297
3633,3.0024
6939,4.7362
4920,5.2613
1369,1.6437
6447,2.0343
10994,2.4908
6985,1.4484
10178,6.9324
8625,4.088
3230,2.1638
7889,1.6964
5330,3.9352
578,0.9217
10196,1.4858
2769,4.5817
5407,5.7778
6513,3.9221
5799,1.1027
10400,1.8406
5993,2.5973
11372,1.1169
13809,1.2036
11309,0.5251
13591,3.549
13603,6.1206
8553,5.3927
7161,3.3371
8428,5.5902
9932,4.6812
3878,3.0502
3485,1.4423
166,1.2233
4553,2.005
12235,1.4892
4138,1.3
2810,1.244
8917,1.5139
5237,3.8349
765,2.8145
1063,3.7382
7362,0.8055
2390,1.9752
12101,5.1928
2899,5.5557
6609,5.246
12921,1.5622
1991,3.4556
13797,3.4104
9211,0.6559999999999999
5437,1.1917
5803,2.9897
4162,4.5844
11485,1.9954
13213,0.9528
2961,0.9008
9561,1.0676
6723,5.1137
2726,3.0155
2338,1.2828
13685,4.2465
7986,2.5543
2794,0.1
3610,1.9914
13676,7.289
8368,3.2388
2951,3.6391
9241,2.1435
5009,4.0086
1146,2.171
1893,1.5363
9974,0.6029
9811,6.0181
8123,3.7119
2257,4.8003
3828,2.9643
6826,0.2067
7534,2.2354
400,3.1057
11120,3.9736
404,2.5223
10863,6.1736
5585,0.9463
2318,3.2626
10020,0.78
2620,0.5145
9864,1.5597
4922,2.2934
11195,5.4183
11879,1.2687
1780,1.4205
6582,2.6212
2048,1.6916
13206,6.5371
12194,5.5407
10181,1.9383
3687,2.6262
12321,2.9587
3585,1.4917
644,3.0739
10586,5.0216
11773,2.505
9862,5.4253
5626,2.7762
5462,5.0537
11503,1.4175
3588,1.5109
6943,3.6441
7088,0.3161
3085,0.3723
7799,1.4549
8843,1.6540000000000001
9668,0.6738
13586,1.1722
6979,2.5789
10250,2.6784
11737,2.5263
3007,1.5161
12619,5.1379
2539,1.3857
10990,1.4780000000000002
2662,3.1114
8784,1.8358
7092,0.153
7750,1.7932
12815,2.6159
7261,1.8036
10778,1.1596
12605,5.5663
5731,1.4002
1312,1.96
12003,1.3331
10523,0.6706
11870,2.0472
6243,3.9102
2872,3.8321
11340,0.5181
8700,1.4839
8879,2.1549
12638,2.6807
2760,2.2178
2284,4.8669
1670,0.727
3751,0.2843
8248,0.5687
12340,1.3771
5023,4.2723
7089,3.0089
2933,3.6417
3225,2.0286
4588,2.2911
9735,4.4686
3412,2.061
12902,0.7047
7766,4.502
4554,0.4781
2969,2.3341
3827,3.4969
12663,2.9847
7516,4.4112
7280,5.5245
6697,0.4051
5660,3.0132
2255,2.7527
2464,0.3104
10617,0.6008
6175,1.8688
7282,0.5059
12074,0.2346
8561,1.818
399,2.1989
5451,2.8584
3931,3.4617
12049,2.7649
12188,3.1084
2574,2.4835
10299,2.5161
12601,2.6266
10602,2.6348
3750,5.5477
8053,4.9226
13824,3.6389
9695,4.6001
5396,3.4493
2638,0.7176
8846,1.1213
2597,1.7348
9753,2.31
5846,5.7582
7191,2.3262
7568,0.1751
10472,1.5525
6988,3.176
1932,2.5677
2134,0.41700000000000004
3336,0.1757
2780,4.0222
5907,3.8384
1694,2.7910000000000004
5884,1.0728
7852,0.1066
11943,2.0398
11526,3.9563
8923,3.8904
12603,3.2411
11668,2.7749
6563,4.0523
9000,2.3794
6297,4.2208
4104,2.296
9554,3.8566
5667,4.1844
7278,0.3292
6394,3.2642
7321,3.9155
8807,3.7813
13421,1.9723
8183,1.7754
4046,0.4132
8231,3.3798
6792,1.2512
13418,2.276
10764,0.5322
6013,1.5684
8260,3.0467
8394,0.3118
7273,0.5321
12232,3.2793
6192,0.9756
2894,2.8016
8431,4.1099
4236,1.9062
6501,4.114
13253,3.3802
1889,3.3047
1343,0.3828
10429,0.521
79,7.1844
8270,0.945
5836,1.5808
11413,1.4593
12412,0.7361
9809,1.3374
9965,1.1303
10989,1.2626
7640,4.5117
6300,2.7903
5833,3.3059
13364,4.9342
11258,3.3989999999999996
5309,2.7528
9780,3.0051
10632,0.9309
10104,5.386
12531,0.1792
13649,1.4678
2422,4.3266
1940,2.6121
13366,1.1325
9871,3.9364
13125,0.6513
2727,2.5701
12447,1.7602
472,3.838
8023,2.0226
2567,1.2875
8641,1.3694
13802,2.5882
12982,3.6121
4183,2.2318
13540,2.6855
3401,4.8818
8311,1.6826
6085,4.2544
10458,0.5246
11111,3.8507
8371,2.7307
7009,2.7512
11752,0.0954
12872,2.1849
3479,2.1975
13759,3.4410000000000003
45,3.0965
2768,5.4354
8805,3.3807
7478,1.0841
1116,2.3072
3198,1.8109
3985,1.5048
5464,2.2258
10254,3.2485
11343,0.1389
8258,4.3214
8308,1.4673
8254,4.6002
9698,0.9462
12715,2.6905
4154,1.9621
10794,2.1347
7690,2.6269
353,1.2588
9409,2.7039999999999997
9033,4.6486
9840,3.6482
11348,1.7045
4465,0.6609999999999999
12390,2.0095
2796,2.9503
7275,1.3543
6276,0.6294
2456,1.5857
5338,2.1204
6770,0.7898
5344,2.7741
9960,2.0048
10734,0.8306
3144,0.4013
12442,1.4543
8944,2.4168
5945,2.5204
12283,2.591
6590,2.8049
10114,4.5592
1009,2.4036
11608,3.4389
10707,0.6902
4175,4.7181
11236,4.3563
12919,2.9861
2405,0.7353
6494,0.2081
8168,1.0737
2021,1.5413
6783,1.0221
6600,3.4046
7276,2.5077
11174,1.2583
2168,2.4952
5566,3.5887
3915,2.2626
11851,0.3124
9357,2.1678
8586,3.7824
6115,2.3832
393,1.2025
1854,4.3807
1173,1.9716
1528,2.8237
13472,5.083
2237,5.0004
3379,1.035
1273,4.3297
5807,6.8925
4754,0.8751
108,2.5605
7641,4.8107
7194,3.0317
3063,1.3987
