Idx,labels
gdb_59377,0.00168008
gdb_14632,0.0017027
gdb_35326,0.002072845
gdb_11448,0.005113069
gdb_35889,0.015658829
gdb_4959,0.019497339
gdb_69962,0.021441434
gdb_18781,0.0221113
gdb_54049,0.023998816
gdb_109612,0.025412593
gdb_41260,0.029670779
gdb_45793,0.032171134
gdb_12640,0.034256998
gdb_30932,0.034962479
gdb_98903,0.035124753
gdb_107828,0.040621314
gdb_535,0.044301633
gdb_81829,0.046709839
gdb_17369,0.047341648
gdb_87613,0.0477621
gdb_68911,0.04945137
gdb_35289,0.050183658
gdb_77362,0.054417256
gdb_88386,0.058124159
gdb_129719,0.058688346
gdb_58093,0.059350763
gdb_110518,0.064137638
gdb_28629,0.064477563
gdb_38713,0.064971
gdb_108587,0.066183448
gdb_37265,0.068622738
gdb_20647,0.068987101
gdb_15596,0.072628558
gdb_2220,0.075374097
gdb_95629,0.077194214
gdb_25876,0.085007608
gdb_63426,0.08536157
gdb_84592,0.085976675
gdb_85145,0.092625737
gdb_107401,0.093678772
gdb_102339,0.094884381
gdb_18608,0.107923031
gdb_76204,0.107965469
gdb_126805,0.108602479
gdb_117752,0.111718386
gdb_48909,0.112562627
gdb_71245,0.121672988
gdb_130019,0.122936457
gdb_78447,0.123005062
gdb_128592,0.133624077
gdb_78316,0.139835536
gdb_13744,0.14152737
gdb_85316,0.146278471
gdb_82417,0.177209795
gdb_99224,0.187174618
gdb_6074,0.201412171
gdb_33054,0.249913931
gdb_100841,0.307810962
gdb_112883,0.365204692
gdb_84425,0.380799443
gdb_113891,0.414859205
gdb_130815,0.533475399
gdb_96916,0.604575574
gdb_13686,0.633206725
gdb_116867,0.635400891
gdb_42774,0.646353304
gdb_79069,0.674750686
gdb_69036,0.67849499
gdb_31360,0.687597096
gdb_118365,0.688525021
gdb_6410,0.702739
gdb_15011,0.702746153
gdb_130613,0.704565346
gdb_17612,0.707841337
gdb_27971,0.72323072
gdb_41491,0.739038706
gdb_57444,0.754539549
gdb_120342,0.788745761
gdb_58677,0.793137252
gdb_47757,0.800043702
gdb_113525,0.806733131
gdb_132407,0.818969786
gdb_2911,0.832475901
gdb_64324,0.848015249
gdb_75307,0.85201335
gdb_122932,0.857880235
gdb_59898,0.862389982
gdb_87060,0.879517615
gdb_23749,0.894984126
gdb_15091,0.904435277
gdb_91999,0.920490086
gdb_29072,0.922633827
gdb_82800,0.928440809
gdb_76344,0.933363974
gdb_53568,0.934068859
gdb_2387,0.94110465
gdb_113250,0.948461354
gdb_52913,0.949172199
gdb_121311,0.957918823
gdb_14829,0.960367858
gdb_93143,0.965287566
gdb_124702,0.971294641
gdb_117874,0.981504321
gdb_3847,0.985335827
gdb_33214,0.993711948
gdb_63485,0.993891716
gdb_14112,1.000820875
gdb_52778,1.002701044
gdb_122610,1.011860371
gdb_88169,1.022329688
gdb_2857,1.02381742
gdb_109248,1.037104011
gdb_23340,1.037422419
gdb_97270,1.037552834
gdb_1030,1.038768768
gdb_23697,1.047310829
gdb_66529,1.063372016
gdb_10909,1.069436193
gdb_9579,1.071562529
gdb_89091,1.078688622
gdb_130530,1.083096862
gdb_58794,1.084196329
gdb_119013,1.086313963
gdb_6425,1.092701554
gdb_53671,1.099146008
gdb_129379,1.104344845
gdb_24013,1.105890274
gdb_30631,1.124332547
gdb_7475,1.132714868
gdb_82223,1.135472178
gdb_100611,1.152494192
gdb_123371,1.152612209
gdb_114325,1.162167192
gdb_76502,1.16339004
gdb_46794,1.164050698
gdb_16739,1.164267421
gdb_112300,1.165218592
gdb_75468,1.167085886
gdb_82947,1.169399858
gdb_113636,1.175529718
gdb_18916,1.178099275
gdb_36385,1.180485487
gdb_5009,1.185474277
gdb_68331,1.186189294
gdb_35161,1.186805248
gdb_113970,1.187350988
gdb_127743,1.187830567
gdb_99600,1.189947486
gdb_124449,1.19041419
gdb_40396,1.191702724
gdb_124682,1.192673683
gdb_101345,1.199155331
gdb_15324,1.199176311
gdb_85057,1.202900529
gdb_124423,1.203414202
gdb_128658,1.206151843
gdb_118996,1.211553693
gdb_50606,1.212907672
gdb_10295,1.213621736
gdb_80016,1.216065764
gdb_93366,1.216488719
gdb_125919,1.219816685
gdb_32459,1.221501708
gdb_68751,1.222468257
gdb_90486,1.229861975
gdb_63898,1.229881525
gdb_26765,1.230796695
gdb_102715,1.234804749
gdb_34375,1.235099792
gdb_71648,1.2396456
gdb_19106,1.239714742
gdb_8794,1.239816189
gdb_8675,1.240310192
gdb_42054,1.241698027
gdb_127048,1.242469549
gdb_100170,1.243219018
gdb_50409,1.251070023
gdb_80323,1.25437665
gdb_28797,1.263838649
gdb_62382,1.265779376
gdb_122329,1.268874288
gdb_103701,1.273670793
gdb_59742,1.276286602
gdb_28034,1.276489615
gdb_108683,1.276997089
gdb_86675,1.279204488
gdb_74849,1.279731154
gdb_18808,1.281066298
gdb_67393,1.281705737
gdb_15002,1.286025643
gdb_78991,1.286579967
gdb_73198,1.28718245
gdb_31451,1.28759408
gdb_70317,1.288897872
gdb_14274,1.289850712
gdb_124232,1.291194081
gdb_28917,1.295188665
gdb_89708,1.295716763
gdb_83654,1.297128797
gdb_73602,1.299188137
gdb_84942,1.299904704
gdb_23391,1.300572157
gdb_85788,1.303099394
gdb_13869,1.30427599
gdb_36746,1.304351568
gdb_45825,1.3070122
gdb_108909,1.308147907
gdb_77429,1.311047673
gdb_34903,1.312777042
gdb_24241,1.313741446
gdb_6911,1.313750386
gdb_86437,1.318446517
gdb_97018,1.319874048
gdb_34557,1.321774602
gdb_53446,1.324484825
gdb_76834,1.326078653
gdb_71375,1.331326604
gdb_120319,1.332034349
gdb_20940,1.332154274
gdb_17486,1.339723706
gdb_72798,1.340028286
gdb_172,1.341135859
gdb_98685,1.342388272
gdb_37579,1.343812585
gdb_27935,1.345331073
gdb_62616,1.346433282
gdb_125493,1.348979115
gdb_131570,1.350327969
gdb_71738,1.350655317
gdb_120577,1.35263145
gdb_57876,1.353812933
gdb_118249,1.355186343
gdb_130876,1.35588336
gdb_118275,1.356067657
gdb_32673,1.356843352
gdb_80359,1.361672163
gdb_121386,1.364332199
gdb_28426,1.365815878
gdb_131228,1.366123319
gdb_92874,1.366347432
gdb_89779,1.36663723
gdb_28696,1.369717121
gdb_77036,1.369738698
gdb_28592,1.370200396
gdb_55672,1.371351957
gdb_29968,1.371506333
gdb_19789,1.375146985
gdb_66511,1.375323296
gdb_21997,1.37545836
gdb_82037,1.376245737
gdb_71353,1.382645249
gdb_38151,1.382976055
gdb_93250,1.385794759
gdb_72874,1.3863343
gdb_55517,1.389707923
gdb_85345,1.390299439
gdb_98057,1.394945502
gdb_64044,1.395741701
gdb_126461,1.396142125
gdb_13147,1.397464037
gdb_61798,1.400474668
gdb_3369,1.400548935
gdb_91980,1.400976419
gdb_43166,1.401160955
gdb_69191,1.404310703
gdb_47862,1.406375766
gdb_37402,1.407985568
gdb_1069,1.408577323
gdb_71646,1.409244776
gdb_20621,1.410521746
gdb_29338,1.410652161
gdb_58788,1.410966039
gdb_115846,1.412532449
gdb_30673,1.413271189
gdb_84329,1.413966179
gdb_44494,1.416170597
gdb_46852,1.416952729
gdb_57361,1.41778326
gdb_38503,1.418092608
gdb_51736,1.41898632
gdb_12106,1.420799255
gdb_5799,1.421105862
gdb_100278,1.421187878
gdb_122106,1.42423594
gdb_114741,1.424411774
gdb_81409,1.424714446
gdb_47265,1.425510526
gdb_3985,1.426938653
gdb_45559,1.427722931
gdb_65292,1.42790103
gdb_60822,1.427917719
gdb_48612,1.427975059
gdb_81855,1.428215027
gdb_94527,1.428426147
gdb_97317,1.429727674
gdb_74751,1.429986954
gdb_127600,1.43053472
gdb_57456,1.432473063
gdb_125842,1.434461594
gdb_53664,1.435223222
gdb_59342,1.436885715
gdb_79297,1.43724966
gdb_120184,1.439429283
gdb_116944,1.440376401
gdb_19065,1.440444589
gdb_130734,1.441644192
gdb_33487,1.441759944
gdb_124642,1.441987634
gdb_124250,1.442942858
gdb_83345,1.443063259
gdb_98144,1.443766713
gdb_54302,1.444375992
gdb_45794,1.44448936
gdb_95832,1.445151806
gdb_55966,1.445510864
gdb_112705,1.446613073
gdb_124720,1.447263241
gdb_45618,1.448443294
gdb_99194,1.449853778
gdb_100359,1.450459361
gdb_73825,1.451812863
gdb_91368,1.451895118
gdb_1801,1.452665329
gdb_120562,1.453183293
gdb_19884,1.4536134
gdb_46046,1.454174519
gdb_58287,1.454797029
gdb_105573,1.456739664
gdb_49428,1.456916928
gdb_45261,1.457549214
gdb_4167,1.458728194
gdb_1868,1.458857059
gdb_69652,1.460337877
gdb_79081,1.461052537
gdb_58516,1.461576939
gdb_85991,1.461734533
gdb_20021,1.461806417
gdb_9270,1.465015888
gdb_6084,1.465606093
gdb_34089,1.465619683
gdb_98192,1.468022823
gdb_46903,1.468712568
gdb_44655,1.469288826
gdb_69663,1.470010042
gdb_129214,1.47042644
gdb_60474,1.470714211
gdb_14929,1.472249508
gdb_64687,1.472302079
gdb_123952,1.473586082
gdb_87628,1.474692583
gdb_102698,1.475225687
gdb_939,1.475650668
gdb_109148,1.476675868
gdb_873,1.477869153
gdb_26416,1.477929354
gdb_95512,1.479405403
gdb_129700,1.481432199
gdb_45089,1.481906533
gdb_9022,1.485058427
gdb_44310,1.485105038
gdb_17522,1.486562133
gdb_59687,1.487734318
gdb_116047,1.488583446
gdb_81889,1.490640163
gdb_82389,1.492797494
gdb_132297,1.494217277
gdb_81908,1.496551394
gdb_56219,1.496711254
gdb_44531,1.497262597
gdb_132481,1.49824512
gdb_99197,1.50184083
gdb_111055,1.501925588
gdb_82587,1.503213644
gdb_103712,1.50464642
gdb_33517,1.504905105
gdb_24789,1.507403493
gdb_47282,1.507939458
gdb_130394,1.509461045
gdb_91167,1.514521122
gdb_108133,1.515828848
gdb_131638,1.516280532
gdb_55415,1.516880751
gdb_112693,1.518332839
gdb_120932,1.518590212
gdb_3361,1.520665646
gdb_71365,1.522922754
gdb_78705,1.52330327
gdb_66533,1.523731709
gdb_80021,1.524006128
gdb_106104,1.524741888
gdb_83684,1.526601076
gdb_58300,1.527017355
gdb_109289,1.527342677
gdb_90444,1.529066324
gdb_71089,1.530667543
gdb_33077,1.531134367
gdb_131551,1.531136751
gdb_41319,1.531186938
gdb_92809,1.533180833
gdb_97650,1.534218073
gdb_109080,1.534705877
gdb_92852,1.535492182
gdb_33343,1.537896872
gdb_86536,1.537956476
gdb_11593,1.538733721
gdb_67215,1.541802526
gdb_60690,1.542332649
gdb_129152,1.543385029
gdb_77792,1.544958711
gdb_98546,1.547498703
gdb_68491,1.54864192
gdb_113592,1.548940539
gdb_66544,1.549133778
gdb_27810,1.551087499
gdb_50497,1.551517844
gdb_93540,1.554619312
gdb_37128,1.554627061
gdb_4912,1.558122516
gdb_3203,1.558549047
gdb_110890,1.559349775
gdb_13865,1.560418963
gdb_130123,1.562667727
gdb_118884,1.564269423
gdb_28873,1.564575195
gdb_29048,1.565041423
gdb_121499,1.566109896
gdb_124482,1.56690228
gdb_61271,1.567667127
gdb_109923,1.567843914
gdb_10108,1.56848979
gdb_4494,1.569725394
gdb_69197,1.57096684
gdb_31857,1.572416425
gdb_70628,1.572895169
gdb_100438,1.573956609
gdb_45464,1.574588656
gdb_126974,1.574925661
gdb_49826,1.574942827
gdb_58072,1.576017261
gdb_120575,1.579886079
gdb_118555,1.581850171
gdb_22257,1.583809614
gdb_50836,1.585156083
gdb_127905,1.586608171
gdb_26333,1.586621284
gdb_76504,1.587390423
gdb_3081,1.59016192
gdb_8479,1.591072559
gdb_118607,1.591594696
gdb_32489,1.593375921
gdb_91441,1.594058275
gdb_83008,1.594691038
gdb_30574,1.594865203
gdb_113843,1.595806837
gdb_104102,1.598391294
gdb_77992,1.598425031
gdb_96464,1.599817753
gdb_14140,1.599972367
gdb_72312,1.60084784
gdb_41822,1.601519942
gdb_63303,1.601530194
gdb_64284,1.601575017
gdb_76829,1.602242827
gdb_22033,1.602891326
gdb_75730,1.604096055
gdb_9763,1.604342341
gdb_96483,1.605352402
gdb_130473,1.606711626
gdb_8623,1.610144615
gdb_15736,1.610975862
gdb_91769,1.611356378
gdb_96167,1.612567425
gdb_72860,1.614164352
gdb_92451,1.614998937
gdb_103047,1.615144253
gdb_75977,1.616031647
gdb_70838,1.616093874
gdb_93054,1.616525769
gdb_108318,1.617907047
gdb_90326,1.619240284
gdb_100858,1.619885325
gdb_105304,1.620242834
gdb_52822,1.620670557
gdb_94314,1.620862842
gdb_50591,1.6210531
gdb_97827,1.622196198
gdb_83843,1.622884393
gdb_7296,1.623723626
gdb_86052,1.623838782
gdb_19642,1.6239748
gdb_53147,1.625864029
gdb_78204,1.627252221
gdb_42523,1.63044703
gdb_90130,1.63069272
gdb_120121,1.631087661
gdb_127401,1.631623507
gdb_26107,1.632031083
gdb_78152,1.632331729
gdb_84214,1.632346869
gdb_20006,1.634799004
gdb_123076,1.639103174
gdb_10230,1.639213324
gdb_98688,1.639317632
gdb_95696,1.639770269
gdb_76134,1.640684962
gdb_15436,1.641050816
gdb_26568,1.643163562
gdb_128419,1.643582702
gdb_94036,1.644028664
gdb_62074,1.644509673
gdb_20207,1.645901322
gdb_65511,1.646247983
gdb_68806,1.646458149
gdb_18095,1.649216652
gdb_32348,1.650652409
gdb_77104,1.653211951
gdb_40040,1.654851913
gdb_112826,1.654987335
gdb_13582,1.655257702
gdb_3249,1.656180501
gdb_104317,1.656219244
gdb_67900,1.657040119
gdb_12784,1.657925844
gdb_53696,1.658384562
gdb_24629,1.65895617
gdb_122727,1.660732746
gdb_95489,1.66206336
gdb_68750,1.664053559
gdb_73748,1.664561868
gdb_6167,1.664816856
gdb_94442,1.665940762
gdb_123259,1.66683352
gdb_97176,1.668272734
gdb_116104,1.669960141
gdb_133760,1.670195103
gdb_36959,1.67072773
gdb_8415,1.67084074
gdb_57144,1.673212528
gdb_125147,1.676164389
gdb_128264,1.678102493
gdb_90076,1.678524971
gdb_131907,1.680351734
gdb_19945,1.680750608
gdb_114658,1.681421757
gdb_97615,1.681991816
gdb_13850,1.682670712
gdb_93569,1.682858825
gdb_80030,1.684172034
gdb_72286,1.685122252
gdb_93047,1.686590552
gdb_54487,1.688537955
gdb_24500,1.689865947
gdb_37088,1.692068219
gdb_10413,1.692906857
gdb_90503,1.694283009
gdb_64168,1.694552422
gdb_22095,1.695417762
gdb_117207,1.696115255
gdb_106774,1.696469545
gdb_23542,1.697278738
gdb_41480,1.697285891
gdb_26252,1.69788301
gdb_100806,1.697906375
gdb_115893,1.699216604
gdb_79134,1.699602008
gdb_125440,1.699971676
gdb_49025,1.70021379
gdb_117888,1.700546384
gdb_105143,1.700765967
gdb_114215,1.701780081
gdb_51232,1.704231739
gdb_15527,1.704758763
gdb_114391,1.705528021
gdb_84629,1.705529809
gdb_85915,1.706792593
gdb_114887,1.708435893
gdb_776,1.709386706
gdb_128645,1.71135962
gdb_34542,1.712099552
gdb_97905,1.713664412
gdb_115273,1.719507337
gdb_108283,1.720602393
gdb_29681,1.720769048
gdb_2434,1.720978141
gdb_46220,1.721163154
gdb_80902,1.724000335
gdb_85022,1.727761269
gdb_10061,1.729530096
gdb_85959,1.729951978
gdb_81437,1.730512857
gdb_8184,1.730818033
gdb_76885,1.730854869
gdb_82667,1.732009172
gdb_5205,1.733627319
gdb_572,1.733979106
gdb_9953,1.734234452
gdb_32679,1.734318137
gdb_53229,1.734519601
gdb_129588,1.734924793
gdb_25444,1.736665487
gdb_35959,1.737081528
gdb_85729,1.737423658
gdb_6836,1.738575935
gdb_108489,1.738776803
gdb_26746,1.743268251
gdb_112155,1.744313359
gdb_49806,1.745280147
gdb_67352,1.746450663
gdb_9292,1.746952891
gdb_51608,1.748228788
gdb_65020,1.748843193
gdb_62333,1.751411676
gdb_125712,1.751549244
gdb_95588,1.753758311
gdb_12828,1.755244732
gdb_117583,1.756145716
gdb_10223,1.757085919
gdb_92397,1.757631779
gdb_19140,1.758001089
gdb_73109,1.759104013
gdb_12171,1.761722565
gdb_68626,1.762962461
gdb_104306,1.763667107
gdb_4537,1.764050126
gdb_33262,1.764720559
gdb_1325,1.766487122
gdb_68650,1.767123699
gdb_13437,1.770053506
gdb_128751,1.770781159
gdb_51309,1.773563623
gdb_112093,1.773808122
gdb_97703,1.774600744
gdb_44932,1.780694604
gdb_23355,1.780905843
gdb_125477,1.782599449
gdb_68515,1.782862782
gdb_29321,1.783707261
gdb_29640,1.78692627
gdb_19440,1.788866282
gdb_117322,1.789924383
gdb_15225,1.790279031
gdb_78088,1.792159796
gdb_35029,1.792888403
gdb_28210,1.793627381
gdb_101426,1.793659925
gdb_88164,1.795517921
gdb_116296,1.795720458
gdb_54454,1.796448708
gdb_81369,1.799312115
gdb_100981,1.799827814
gdb_116556,1.800686359
gdb_79993,1.802786589
gdb_44305,1.805981874
gdb_119983,1.806592226
gdb_97147,1.807569265
gdb_121320,1.808211923
gdb_130581,1.810429215
gdb_4943,1.810582876
gdb_24146,1.811250567
gdb_12350,1.814021826
gdb_94841,1.814953804
gdb_62418,1.81516695
gdb_25127,1.815379739
gdb_115007,1.816922545
gdb_49664,1.818213582
gdb_111557,1.825900793
gdb_94549,1.828478813
gdb_44608,1.830645323
gdb_69168,1.83187151
gdb_133495,1.83331883
gdb_17139,1.833538413
gdb_47035,1.835968971
gdb_25396,1.838358521
gdb_47513,1.839018703
gdb_2352,1.842345595
gdb_35488,1.842360616
gdb_15486,1.844758391
gdb_32825,1.844925284
gdb_1076,1.846408248
gdb_36389,1.846726894
gdb_99558,1.849497914
gdb_125060,1.853500962
gdb_106778,1.855379462
gdb_133053,1.856314063
gdb_71772,1.857941508
gdb_10545,1.859303117
gdb_64146,1.859694362
gdb_85130,1.86026001
gdb_73718,1.860694051
gdb_21340,1.860979438
gdb_120062,1.864341378
gdb_129345,1.865374565
gdb_33912,1.866304278
gdb_124973,1.86672461
gdb_87500,1.868139625
gdb_77319,1.869639874
gdb_74510,1.870355368
gdb_114698,1.871320724
gdb_39375,1.872478485
gdb_36010,1.873407602
gdb_55084,1.873974323
gdb_9761,1.875680447
gdb_93594,1.876259804
gdb_64149,1.876562953
gdb_114446,1.87735188
gdb_131111,1.87977159
gdb_99713,1.882792473
gdb_117357,1.883156419
gdb_39964,1.883994818
gdb_52883,1.88411355
gdb_4300,1.887687445
gdb_9329,1.894137502
gdb_84829,1.89893508
gdb_34970,1.899036646
gdb_107976,1.899478078
gdb_71524,1.901100039
gdb_6002,1.90432024
gdb_132583,1.908673048
gdb_100618,1.909570456
gdb_63250,1.910832882
gdb_33910,1.911121964
gdb_71441,1.912743926
gdb_47519,1.914209723
gdb_19252,1.91421628
gdb_77102,1.916965008
gdb_91692,1.919502616
gdb_14,1.92037189
gdb_82517,1.927751064
gdb_112471,1.928503156
gdb_95231,1.930412292
gdb_43866,1.932320476
gdb_42779,1.933846593
gdb_66862,1.935680628
gdb_61703,1.937936306
gdb_30078,1.939627051
gdb_43561,1.940468192
gdb_120123,1.940644622
gdb_82592,1.941147208
gdb_128643,1.941562295
gdb_21005,1.942230105
gdb_34965,1.943235517
gdb_38874,1.944922805
gdb_129829,1.945104122
gdb_82910,1.946151495
gdb_51396,1.947826266
gdb_47309,1.949565291
gdb_8973,1.949682951
gdb_40512,1.94999361
gdb_37621,1.950438619
gdb_74218,1.952049375
gdb_37345,1.955208778
gdb_61744,1.955384612
gdb_118305,1.957434297
gdb_118885,1.957819939
gdb_57993,1.958013892
gdb_88779,1.958854675
gdb_54945,1.959311724
gdb_94624,1.960635424
gdb_51092,1.966241837
gdb_10435,1.968087912
gdb_79447,1.971283197
gdb_23317,1.973560572
gdb_109704,1.973793983
gdb_19752,1.974234343
gdb_70448,1.9750669
gdb_85335,1.975405931
gdb_42380,1.975663424
gdb_115577,1.975849628
gdb_110679,1.977412939
gdb_92950,1.980374575
gdb_93153,1.981914759
gdb_109219,1.982618332
gdb_123379,1.985040188
gdb_20130,1.986456633
gdb_11222,1.98947978
gdb_45266,1.990121365
gdb_48028,1.991065025
gdb_36819,1.991893768
gdb_126125,1.992224216
gdb_115979,1.995377541
gdb_8218,1.995693207
gdb_86018,1.998414516
gdb_18848,2.001402378
gdb_7306,2.001503229
gdb_128130,2.003042698
gdb_130142,2.00490284
gdb_54922,2.007984161
gdb_41521,2.00809145
gdb_91287,2.008975744
gdb_98350,2.010582447
gdb_14896,2.011739969
gdb_86547,2.016175747
gdb_102707,2.021424294
gdb_75591,2.024197102
gdb_72214,2.02515316
gdb_77636,2.028317213
gdb_49587,2.029785633
gdb_70417,2.029898882
gdb_113577,2.03083539
gdb_71499,2.031191349
gdb_64927,2.032272577
gdb_130087,2.035688639
gdb_13218,2.038935184
gdb_71050,2.039065599
gdb_402,2.040928125
gdb_78765,2.041484594
gdb_82774,2.044056177
gdb_114980,2.048121929
gdb_84391,2.04979682
gdb_8078,2.052256823
gdb_18492,2.055373192
gdb_64090,2.055882931
gdb_29838,2.05649209
gdb_31420,2.057347536
gdb_62697,2.064166069
gdb_111407,2.066774368
gdb_116627,2.068128586
gdb_78160,2.070618629
gdb_81673,2.072816849
gdb_27246,2.073627949
gdb_38448,2.074250937
gdb_10599,2.085791826
gdb_11819,2.088212967
gdb_40391,2.088563919
gdb_447,2.092556238
gdb_92908,2.092830658
gdb_106473,2.0930655
gdb_107035,2.093350887
gdb_129221,2.097442389
gdb_120745,2.097463846
gdb_40674,2.098130226
gdb_23478,2.098278999
gdb_115614,2.099181175
gdb_90473,2.10004282
gdb_105743,2.100567341
gdb_12371,2.103602648
gdb_91416,2.110538721
gdb_75902,2.112441063
gdb_14842,2.118782997
gdb_127307,2.120266438
gdb_49987,2.120765448
gdb_44371,2.122401714
gdb_84142,2.125932217
gdb_94025,2.125990629
gdb_113907,2.12717104
gdb_112708,2.132040262
gdb_18110,2.13236165
gdb_121996,2.132661104
gdb_128653,2.13371253
gdb_106980,2.137075186
gdb_121364,2.140621662
gdb_96260,2.148512602
gdb_21278,2.148787975
gdb_80613,2.156056643
gdb_75915,2.156406879
gdb_107382,2.157677174
gdb_88360,2.157889843
gdb_35668,2.161407709
gdb_32100,2.163018703
gdb_121388,2.166133165
gdb_73252,2.166190863
gdb_72904,2.166328907
gdb_5276,2.175784111
gdb_121989,2.17687726
gdb_112477,2.180555105
gdb_123616,2.180892706
gdb_126443,2.181425571
gdb_68958,2.184772491
gdb_7409,2.185319424
gdb_109041,2.187677145
gdb_126485,2.190089703
gdb_11294,2.193693161
gdb_73095,2.195708513
gdb_1627,2.195849895
gdb_127687,2.198837996
gdb_117368,2.207140207
gdb_42482,2.207473516
gdb_45562,2.219023705
gdb_64528,2.220833063
gdb_103379,2.222369194
gdb_11669,2.235304117
gdb_81633,2.238840342
gdb_108663,2.241596222
gdb_89941,2.244915009
gdb_84904,2.245253325
gdb_45759,2.245275974
gdb_91729,2.246295929
gdb_29864,2.247349739
gdb_116094,2.250679731
gdb_125992,2.252906084
gdb_82680,2.258877277
gdb_116208,2.259428263
gdb_103621,2.259988546
gdb_68417,2.262633562
gdb_46756,2.263866425
gdb_93085,2.27164197
gdb_9815,2.27695179
gdb_66772,2.277484417
gdb_4764,2.278781414
gdb_120096,2.28008914
gdb_126705,2.281739473
gdb_104213,2.285609484
gdb_52161,2.286994457
gdb_549,2.287807465
gdb_48191,2.288063765
gdb_38288,2.288272858
gdb_81803,2.290931463
gdb_22861,2.295013189
gdb_46496,2.296891212
gdb_60272,2.297086
gdb_80319,2.302845001
gdb_19477,2.306070566
gdb_26853,2.309724569
gdb_43694,2.313742638
gdb_55024,2.314638615
gdb_80166,2.317419291
gdb_61238,2.317908287
gdb_100880,2.319009781
gdb_58662,2.319704294
gdb_129118,2.319921255
gdb_39654,2.320864439
gdb_3433,2.322955847
gdb_95092,2.32984519
gdb_41505,2.33035779
gdb_86375,2.330581903
gdb_119498,2.332461834
gdb_107359,2.340348721
gdb_36883,2.348212957
gdb_47344,2.349439859
gdb_130705,2.350297451
gdb_69138,2.350550175
gdb_92926,2.351574421
gdb_11343,2.354719877
gdb_64113,2.355051517
gdb_129844,2.35667181
gdb_64726,2.357645035
gdb_16028,2.357661724
gdb_113673,2.362475395
gdb_107187,2.364505291
gdb_55181,2.366777897
gdb_121854,2.371320963
gdb_21272,2.372831106
gdb_96881,2.373396873
gdb_31871,2.37749362
gdb_13036,2.380231619
gdb_88158,2.380255938
gdb_114724,2.380908489
gdb_43923,2.382138729
gdb_33622,2.38343215
gdb_120454,2.383522987
gdb_87882,2.384985924
gdb_14932,2.386373043
gdb_80144,2.387973785
gdb_99540,2.388618469
gdb_33523,2.389249325
gdb_84804,2.392678976
gdb_32105,2.397426605
gdb_129505,2.40050745
gdb_97495,2.401591778
gdb_93062,2.404033661
gdb_963,2.406963825
gdb_129978,2.409442186
gdb_84518,2.412306309
gdb_63936,2.412858248
gdb_76934,2.414066315
gdb_127999,2.416382551
gdb_112928,2.418251038
gdb_56177,2.422432661
gdb_50507,2.424711943
gdb_84599,2.4263556
gdb_132209,2.426568508
gdb_103593,2.426792383
gdb_122951,2.428545237
gdb_88891,2.429864883
gdb_13620,2.431131601
gdb_123369,2.432716131
gdb_50946,2.433518171
gdb_91480,2.435238361
gdb_51564,2.441100836
gdb_81717,2.441393137
gdb_38676,2.442043304
gdb_5469,2.443517685
gdb_35794,2.44791007
gdb_127624,2.44801259
gdb_12929,2.44948411
gdb_803,2.449546099
gdb_117527,2.449897051
gdb_67925,2.45468998
gdb_55627,2.455761194
gdb_14579,2.45637393
gdb_4949,2.458224535
gdb_1244,2.460399151
gdb_76551,2.461359024
gdb_53207,2.461694717
gdb_89497,2.462188244
gdb_33412,2.46253705
gdb_38834,2.470301151
gdb_112727,2.471765041
gdb_39724,2.474833012
gdb_42046,2.478468657
gdb_22917,2.479568958
gdb_92253,2.481076241
gdb_59272,2.482014894
gdb_125304,2.482132435
gdb_107547,2.482692003
gdb_83739,2.483579397
gdb_10182,2.484735012
gdb_52526,2.487634182
gdb_18819,2.488428593
gdb_129525,2.492768049
gdb_6868,2.494095802
gdb_111214,2.494323969
gdb_87303,2.49460721
gdb_72023,2.495673656
gdb_57362,2.502308369
gdb_50982,2.508888245
gdb_45232,2.510771751
gdb_85181,2.512627602
gdb_54574,2.513517618
gdb_6376,2.513518572
gdb_54440,2.513799191
gdb_23322,2.514952183
gdb_101769,2.515370846
gdb_41927,2.515744448
gdb_22297,2.517183065
gdb_56960,2.517804146
gdb_133826,2.51833725
gdb_57180,2.522340298
gdb_4995,2.523706913
gdb_24522,2.524908066
gdb_51653,2.526408911
gdb_6617,2.526458979
gdb_24536,2.526878595
gdb_93183,2.52767992
gdb_74767,2.532598257
gdb_121542,2.533412695
gdb_93409,2.534092665
gdb_65472,2.53465414
gdb_48849,2.534751177
gdb_48175,2.535978317
gdb_39481,2.537474155
gdb_16370,2.538924932
gdb_221,2.540741205
gdb_129764,2.541610956
gdb_84362,2.542647123
gdb_2065,2.542711258
gdb_62232,2.54313612
gdb_56555,2.548638582
gdb_17316,2.54884243
gdb_14231,2.552069664
gdb_123558,2.55488658
gdb_63298,2.555240631
gdb_54339,2.557254314
gdb_8269,2.558539867
gdb_119213,2.559519768
gdb_105659,2.564455509
gdb_108225,2.567627192
gdb_22378,2.56949091
gdb_75555,2.57251215
gdb_91602,2.572892666
gdb_70795,2.574339628
gdb_68344,2.574961901
gdb_58696,2.575692654
gdb_114122,2.576957226
gdb_82493,2.577247143
gdb_74924,2.57750988
gdb_93531,2.578417301
gdb_45116,2.579686642
gdb_107355,2.581238508
gdb_9307,2.583046198
gdb_128563,2.583417892
gdb_105983,2.584024668
gdb_100903,2.584101677
gdb_115632,2.58514905
gdb_105711,2.589001894
gdb_115738,2.59027648
gdb_89084,2.5928514
gdb_11759,2.593701601
gdb_52683,2.597085953
gdb_99499,2.600551128
gdb_84793,2.607255459
gdb_114833,2.607976198
gdb_101312,2.608814716
gdb_127839,2.609681129
gdb_81343,2.609884977
gdb_53135,2.610441208
gdb_23444,2.611214638
gdb_126614,2.611706972
gdb_31084,2.612263918
gdb_11399,2.614208698
gdb_56143,2.615480661
gdb_19274,2.616299629
gdb_15573,2.617362022
gdb_1753,2.618600368
gdb_91508,2.619928122
gdb_52249,2.621601582
gdb_117226,2.622373819
gdb_91763,2.62366581
gdb_62441,2.624400139
gdb_121339,2.626891136
gdb_35937,2.627018213
gdb_41100,2.627716541
gdb_108667,2.627878904
gdb_69290,2.629341125
gdb_66637,2.629709959
gdb_38807,2.62974596
gdb_98287,2.632355213
gdb_122976,2.633114576
gdb_133009,2.634745598
gdb_69885,2.637598991
gdb_107346,2.642418385
gdb_131509,2.642547369
gdb_5484,2.643638134
gdb_113959,2.64492631
gdb_113535,2.645788908
gdb_133833,2.647345066
gdb_1377,2.64789772
gdb_30142,2.648564577
gdb_17128,2.652199268
gdb_131337,2.654883623
gdb_88730,2.655061007
gdb_82503,2.657091856
gdb_77679,2.662768841
gdb_12658,2.664997339
gdb_51711,2.665302753
gdb_25003,2.666205168
gdb_113883,2.666547537
gdb_69853,2.666757584
gdb_31314,2.668840408
gdb_95625,2.67262125
gdb_131103,2.673352003
gdb_6905,2.673453093
gdb_39778,2.675940752
gdb_91439,2.679085493
gdb_40799,2.680958509
gdb_27859,2.682141066
gdb_13330,2.68281126
gdb_19116,2.685561419
gdb_55390,2.685567379
gdb_129676,2.686212301
gdb_39061,2.6872437
gdb_113913,2.687267542
gdb_28199,2.688083887
gdb_7480,2.688578129
gdb_121051,2.691185951
gdb_72893,2.692593336
gdb_47797,2.69506073
gdb_65192,2.702371359
gdb_68699,2.702417135
gdb_34985,2.704098225
gdb_53773,2.704375505
gdb_119406,2.704568624
gdb_104598,2.704763651
gdb_88460,2.707371473
gdb_107892,2.707759619
gdb_133776,2.70923996
gdb_52531,2.712555647
gdb_91130,2.717822313
gdb_3335,2.719091415
gdb_7576,2.72316885
gdb_27955,2.725162983
gdb_112468,2.726172924
gdb_53978,2.728063822
gdb_42398,2.730123758
gdb_68859,2.732009411
gdb_51041,2.733063936
gdb_7638,2.734342337
gdb_8853,2.735515118
gdb_81478,2.735556602
gdb_111480,2.740237474
gdb_34127,2.740655661
gdb_53970,2.742482662
gdb_131392,2.74413228
gdb_19554,2.746177435
gdb_81766,2.74636817
gdb_47670,2.747065783
gdb_120114,2.749102592
gdb_68455,2.74939394
gdb_2477,2.749833107
gdb_24333,2.749998808
gdb_68641,2.750023365
gdb_132155,2.750660181
gdb_96590,2.752301931
gdb_47437,2.752757549
gdb_84998,2.75405407
gdb_129964,2.754262924
gdb_8850,2.754950762
gdb_4788,2.756113529
gdb_131683,2.759706259
gdb_35203,2.760386467
gdb_31739,2.760923147
gdb_53559,2.761005878
gdb_50804,2.764377117
gdb_70114,2.764398098
gdb_115988,2.764779329
gdb_96388,2.768567085
gdb_127292,2.773617983
gdb_71130,2.776259184
gdb_64746,2.777192593
gdb_8890,2.780385017
gdb_30403,2.780745029
gdb_106293,2.782841921
gdb_93338,2.787499428
gdb_100582,2.789830685
gdb_114944,2.790205717
gdb_69057,2.790771008
gdb_125380,2.793476105
gdb_31494,2.795151234
gdb_98374,2.797246933
gdb_100888,2.799759626
gdb_101913,2.80099678
gdb_35821,2.80119276
gdb_58119,2.802636385
gdb_17252,2.802885294
gdb_11423,2.804577351
gdb_35832,2.804729223
gdb_27064,2.805013895
gdb_1788,2.806146383
gdb_128515,2.806480646
gdb_51238,2.806734562
gdb_20879,2.808291435
gdb_104728,2.809551954
gdb_125128,2.809681654
gdb_55327,2.811055422
gdb_16417,2.811074972
gdb_25398,2.811849594
gdb_45741,2.814145327
gdb_109616,2.815921545
gdb_16284,2.816716194
gdb_40428,2.820704222
gdb_32645,2.823875427
gdb_105236,2.826448202
gdb_98684,2.826724052
gdb_97247,2.828478336
gdb_5751,2.828753233
gdb_56389,2.829230547
gdb_43427,2.830780268
gdb_53114,2.831365347
gdb_23130,2.83137989
gdb_106371,2.831873894
gdb_123535,2.836898565
gdb_132981,2.837943792
gdb_50536,2.838306904
gdb_38069,2.838573456
gdb_19286,2.840809107
gdb_127403,2.841346264
gdb_101704,2.844838858
gdb_29618,2.84685421
gdb_117184,2.848228216
gdb_12602,2.849578619
gdb_8439,2.84982729
gdb_64784,2.850563765
gdb_70718,2.850629568
gdb_124266,2.850952625
gdb_81722,2.851635933
gdb_47995,2.854257584
gdb_16655,2.854703426
gdb_17509,2.855946779
gdb_55937,2.856163979
gdb_11476,2.862582445
gdb_3097,2.866564035
gdb_77684,2.867392063
gdb_119739,2.872281075
gdb_83758,2.872356653
gdb_129261,2.873230219
gdb_40186,2.8840065
gdb_124943,2.884408236
gdb_26889,2.885103941
gdb_70335,2.886161327
gdb_62476,2.886238575
gdb_72292,2.886991262
gdb_4227,2.889476538
gdb_88063,2.8905375
gdb_5627,2.89185977
gdb_101740,2.894010544
gdb_50073,2.894512653
gdb_4452,2.894959927
gdb_131492,2.898362637
gdb_114819,2.903136015
gdb_44436,2.904153347
gdb_73808,2.907896996
gdb_106079,2.910884142
gdb_38367,2.91211772
gdb_77956,2.912572145
gdb_17989,2.914844036
gdb_25855,2.922261477
gdb_115422,2.923697472
gdb_37009,2.92647481
gdb_35247,2.929114103
gdb_82987,2.930671215
gdb_10420,2.932000875
gdb_87374,2.932891369
gdb_69282,2.934007168
gdb_46742,2.934463501
gdb_3624,2.934661627
gdb_8358,2.942178249
gdb_132915,2.943048
gdb_126827,2.949128151
gdb_65976,2.949177742
gdb_45602,2.956340551
gdb_82686,2.957690477
gdb_132423,2.964699507
gdb_6500,2.969100714
gdb_102271,2.973345518
gdb_125266,2.978747129
gdb_51691,2.979010344
gdb_43118,2.979895353
gdb_71697,2.980402231
gdb_67371,2.981208324
gdb_98170,2.982196093
gdb_41182,2.983610392
gdb_32416,2.984682083
gdb_31983,2.985664606
gdb_78205,2.989363432
gdb_35271,2.989983082
gdb_3355,2.991288424
gdb_61716,2.99502182
gdb_41901,2.997362614
gdb_45487,2.997439861
gdb_30685,3.003053904
gdb_7931,3.004187346
gdb_5143,3.00873065
gdb_120720,3.00908947
gdb_85840,3.015336275
gdb_13721,3.016132593
gdb_124701,3.021647215
gdb_78961,3.022184849
gdb_15303,3.029603958
gdb_15744,3.030925035
gdb_97741,3.037592888
gdb_129691,3.038025618
gdb_12686,3.049711704
gdb_97157,3.050069332
gdb_24660,3.056431293
gdb_64305,3.056646824
gdb_130811,3.061987638
gdb_53657,3.0674932
gdb_111777,3.070578814
gdb_101729,3.077782393
gdb_32624,3.078279257
gdb_54384,3.081072092
gdb_29107,3.083024025
gdb_63780,3.086770535
gdb_13267,3.087367296
gdb_4098,3.092693329
gdb_19583,3.093042612
gdb_15019,3.09685111
gdb_38514,3.098231792
gdb_68960,3.101118326
gdb_31917,3.103525162
gdb_121714,3.109098911
gdb_71026,3.111147404
gdb_96525,3.115427732
gdb_107444,3.118860006
gdb_115330,3.121134758
gdb_110048,3.121759653
gdb_61507,3.12222743
gdb_75205,3.12302494
gdb_74406,3.12375927
gdb_65930,3.125731945
gdb_80126,3.125830412
gdb_1247,3.127913713
gdb_107425,3.129582882
gdb_56209,3.129675388
gdb_31364,3.137410164
gdb_10722,3.137993813
gdb_3091,3.143516541
gdb_84931,3.146350622
gdb_93939,3.152269602
gdb_17932,3.15515995
gdb_122389,3.155196428
gdb_13552,3.16556263
gdb_10358,3.167947054
gdb_119011,3.169335604
gdb_27270,3.16938138
gdb_21083,3.173366785
gdb_35639,3.176249504
gdb_133356,3.184503317
gdb_24673,3.184769869
gdb_2053,3.18616128
gdb_120259,3.195884228
gdb_96769,3.199248552
gdb_125334,3.200318575
gdb_81910,3.203119278
gdb_105421,3.204584122
gdb_89871,3.205432653
gdb_25378,3.20574975
gdb_86844,3.206078291
gdb_40869,3.206985474
gdb_121763,3.211178303
gdb_45818,3.212982178
gdb_119218,3.214300156
gdb_46711,3.214667559
gdb_44519,3.217693329
gdb_33848,3.220293283
gdb_73593,3.221929789
gdb_18856,3.222641945
gdb_128268,3.22804141
gdb_25456,3.231429815
gdb_110378,3.233388662
gdb_63915,3.23624444
gdb_44759,3.236436367
gdb_44651,3.238230467
gdb_62117,3.240594149
gdb_50049,3.240795851
gdb_23249,3.243349552
gdb_31047,3.244980812
gdb_83665,3.245032072
gdb_46427,3.24615407
gdb_97888,3.249385595
gdb_31288,3.250809193
gdb_125267,3.252174139
gdb_86671,3.252541542
gdb_28578,3.257485628
gdb_55291,3.259754896
gdb_91140,3.260722876
gdb_92841,3.262007475
gdb_111865,3.263664961
gdb_68065,3.267907858
gdb_93342,3.268241167
gdb_44548,3.269948483
gdb_62397,3.272770166
gdb_55322,3.273225784
gdb_118408,3.273277283
gdb_129744,3.277723312
gdb_32324,3.279328585
gdb_14771,3.280302525
gdb_2223,3.280389309
gdb_106166,3.281228542
gdb_46828,3.285716295
gdb_65714,3.286444664
gdb_74773,3.292851686
gdb_81421,3.296266556
gdb_32803,3.302752018
gdb_29436,3.304678202
gdb_96272,3.305968046
gdb_14827,3.306876183
gdb_112748,3.308238506
gdb_30265,3.311601877
gdb_46401,3.315414906
gdb_52004,3.315948963
gdb_132290,3.316546202
gdb_102463,3.320042849
gdb_91307,3.321559906
gdb_69117,3.326763391
gdb_107013,3.327729225
gdb_82334,3.330403805
gdb_86033,3.332945347
gdb_85825,3.334035873
gdb_117997,3.334875584
gdb_1976,3.335288763
gdb_31028,3.339360952
gdb_103017,3.346251488
gdb_126980,3.349882126
gdb_125282,3.354559898
gdb_110701,3.355580568
gdb_110375,3.360071898
gdb_83127,3.360209942
gdb_23743,3.365891695
gdb_86527,3.366220713
gdb_41336,3.368461132
gdb_13688,3.373197317
gdb_100830,3.375302792
gdb_68728,3.388654709
gdb_126781,3.391458988
gdb_21767,3.391993999
gdb_70394,3.393824816
gdb_106866,3.397084236
gdb_116527,3.400043249
gdb_71319,3.406081676
gdb_100161,3.411037922
gdb_7370,3.413061619
gdb_29955,3.413789272
gdb_78899,3.414361
gdb_60506,3.420935631
gdb_14768,3.42454195
gdb_58451,3.424648762
gdb_126131,3.424817801
gdb_11098,3.425430059
gdb_84466,3.429771662
gdb_27174,3.431238651
gdb_100357,3.435504198
gdb_39301,3.438320637
gdb_57140,3.438820601
gdb_41882,3.44456768
gdb_39467,3.446596146
gdb_56604,3.449115992
gdb_48539,3.451412201
gdb_115242,3.451755285
gdb_66389,3.453407049
gdb_60121,3.454228163
gdb_93507,3.459458351
gdb_131037,3.4597013
gdb_100124,3.464266062
gdb_68450,3.467796087
gdb_58778,3.468991518
gdb_83634,3.471707106
gdb_110092,3.472821951
gdb_130041,3.473207951
gdb_28735,3.473469019
gdb_13618,3.475385904
gdb_112792,3.477420807
gdb_42601,3.477929831
gdb_60317,3.478708744
gdb_124024,3.480253935
gdb_92875,3.481106997
gdb_28572,3.48214221
gdb_40151,3.48278904
gdb_34951,3.484385967
gdb_31419,3.485133886
gdb_118463,3.491509676
gdb_128484,3.493308306
gdb_69644,3.49631381
gdb_10554,3.496776104
gdb_89762,3.498749256
gdb_92348,3.502834082
gdb_102427,3.502981424
gdb_128349,3.504735708
gdb_60433,3.505418062
gdb_32896,3.513486147
gdb_123838,3.515652418
gdb_61624,3.520536661
gdb_53911,3.52059865
gdb_128561,3.521342278
gdb_20067,3.52393055
gdb_92704,3.525363684
gdb_25810,3.526503801
gdb_124821,3.529370308
gdb_61941,3.53046298
gdb_131876,3.530623674
gdb_132454,3.530651569
gdb_94464,3.530987263
gdb_12128,3.532539129
gdb_64798,3.533768177
gdb_16019,3.539683104
gdb_30522,3.540922642
gdb_132018,3.541860104
gdb_43730,3.543722868
gdb_25946,3.547015429
gdb_53699,3.548956394
gdb_41999,3.551371813
gdb_86515,3.553210735
gdb_76581,3.555638552
gdb_51738,3.55745697
gdb_8069,3.55941987
gdb_125143,3.565064669
gdb_40568,3.568234921
gdb_23248,3.568409204
gdb_124577,3.56960988
gdb_80002,3.570611238
gdb_86689,3.570784092
gdb_115928,3.571148634
gdb_100400,3.571774006
gdb_55153,3.573527813
gdb_123840,3.57374239
gdb_119324,3.576402903
gdb_129982,3.581694126
gdb_124391,3.582481146
gdb_121191,3.585856199
gdb_129317,3.586672544
gdb_13559,3.586767197
gdb_119534,3.587716818
gdb_22715,3.59133625
gdb_18390,3.597211599
gdb_7802,3.598671675
gdb_17456,3.601558447
gdb_78960,3.603972435
gdb_105092,3.604355812
gdb_87973,3.606816053
gdb_4086,3.606921196
gdb_98330,3.611114025
gdb_79356,3.619095564
gdb_8514,3.619247913
gdb_105095,3.619862318
gdb_99147,3.621458292
gdb_21855,3.624408007
gdb_125120,3.629527092
gdb_49932,3.63041234
gdb_28347,3.63453126
gdb_7615,3.637589931
gdb_30873,3.638652325
gdb_130519,3.641525269
gdb_133729,3.642981052
gdb_110404,3.64338994
gdb_124639,3.643861294
gdb_94248,3.647419453
gdb_26336,3.652648926
gdb_72666,3.652826548
gdb_112064,3.65589571
gdb_89960,3.656333447
gdb_69668,3.656337976
gdb_6055,3.656642675
gdb_13965,3.657539606
gdb_118614,3.660022974
gdb_81363,3.663357258
gdb_100223,3.664395332
gdb_88058,3.664532661
gdb_29818,3.667862654
gdb_52300,3.668126345
gdb_46951,3.668612957
gdb_5934,3.670244932
gdb_109922,3.671903133
gdb_97802,3.672407866
gdb_79309,3.673911333
gdb_117916,3.674875021
gdb_104269,3.676243782
gdb_22940,3.677386284
gdb_7034,3.683917284
gdb_105882,3.684319973
gdb_86009,3.686805725
gdb_116581,3.687124014
gdb_65156,3.692012072
gdb_58026,3.69376421
gdb_133329,3.695853949
gdb_130262,3.698928595
gdb_6896,3.702723503
gdb_63111,3.703122616
gdb_16161,3.703279495
gdb_71158,3.704593658
gdb_128377,3.705071926
gdb_105061,3.705494642
gdb_49658,3.706078768
gdb_7907,3.706929922
gdb_80700,3.706992149
gdb_64184,3.707427263
gdb_55129,3.709058285
gdb_64793,3.710564375
gdb_116790,3.711241722
gdb_72161,3.711495638
gdb_54436,3.712500572
gdb_76082,3.713084459
gdb_128794,3.714094162
gdb_88886,3.714387894
gdb_123696,3.717308283
gdb_64835,3.718976259
gdb_111542,3.719583273
gdb_8037,3.720748425
gdb_3305,3.720748663
gdb_58938,3.721635103
gdb_32650,3.724015951
gdb_26061,3.727028847
gdb_128545,3.727630377
gdb_48357,3.727875471
gdb_127580,3.732821941
gdb_63831,3.733230352
gdb_120790,3.735016108
gdb_82151,3.739218712
gdb_87443,3.739849329
gdb_92906,3.740407467
gdb_53193,3.743001699
gdb_81902,3.743854523
gdb_36693,3.744799137
gdb_118667,3.745182514
gdb_39589,3.748716354
gdb_22843,3.751062632
gdb_58037,3.753480673
gdb_77628,3.757790804
gdb_36762,3.762928486
gdb_20883,3.764259815
gdb_49554,3.76672864
gdb_89017,3.769575596
gdb_78615,3.771985531
gdb_5343,3.776134491
gdb_125720,3.776621103
gdb_42591,3.778366327
gdb_123163,3.779868364
gdb_102204,3.781231165
gdb_117974,3.783848286
gdb_105436,3.784014463
gdb_49452,3.785551786
gdb_1615,3.788018227
gdb_13884,3.78866291
gdb_21689,3.795320749
gdb_10074,3.796152115
gdb_1701,3.79874301
gdb_45047,3.799452543
gdb_8041,3.801567078
gdb_23226,3.801669836
gdb_88405,3.804026365
gdb_65033,3.804700136
gdb_70392,3.807178259
gdb_42766,3.808131456
gdb_38305,3.808306456
gdb_30683,3.809516191
gdb_16706,3.814188957
gdb_88376,3.817320108
gdb_46419,3.817492485
gdb_76990,3.821542025
gdb_93334,3.822136402
gdb_93762,3.822537899
gdb_130064,3.823282242
gdb_18099,3.826196909
gdb_125062,3.831195354
gdb_108504,3.832146168
gdb_102412,3.833706379
gdb_104510,3.833796263
gdb_132231,3.83541131
gdb_98420,3.837190628
gdb_3461,3.838112593
gdb_119240,3.838452578
gdb_75,3.839210987
gdb_50237,3.841744661
gdb_80818,3.84217453
gdb_53750,3.842366457
gdb_97599,3.843518257
gdb_120415,3.850317478
gdb_59073,3.851009846
gdb_115828,3.854559898
gdb_10837,3.862126827
gdb_4457,3.862134933
gdb_76815,3.862429619
gdb_61661,3.862467766
gdb_73799,3.868911505
gdb_57839,3.869521856
gdb_102180,3.871414185
gdb_103297,3.875606537
gdb_35426,3.875732183
gdb_126247,3.876527548
gdb_112717,3.877823353
gdb_33611,3.879031897
gdb_113342,3.879168272
gdb_7722,3.879217148
gdb_61915,3.879243851
gdb_45075,3.881570339
gdb_119373,3.881606102
gdb_124165,3.881736994
gdb_3639,3.882147074
gdb_29929,3.883058071
gdb_27466,3.884092093
gdb_43351,3.884589911
gdb_130233,3.884783268
gdb_103783,3.886448383
gdb_104802,3.892288923
gdb_121182,3.895232677
gdb_104064,3.896509647
gdb_82681,3.89693737
gdb_108611,3.900763512
gdb_55227,3.902839422
gdb_42293,3.904882908
gdb_124677,3.904888153
gdb_92134,3.908369064
gdb_42440,3.909899712
gdb_30910,3.909995794
gdb_89,3.913660049
gdb_13803,3.914049387
gdb_77365,3.914525509
gdb_29763,3.914580345
gdb_14832,3.915486574
gdb_113691,3.916183472
gdb_27346,3.918698072
gdb_125495,3.920271873
gdb_21383,3.931662083
gdb_69160,3.933525324
gdb_35175,3.938176632
gdb_46921,3.938775301
gdb_2576,3.938859224
gdb_131354,3.939880371
gdb_114413,3.943764448
gdb_100753,3.947354794
gdb_112005,3.947606325
gdb_30511,3.949085951
gdb_28006,3.949658871
gdb_8620,3.950616837
gdb_45139,3.951872349
gdb_59096,3.956020832
gdb_7335,3.956378937
gdb_103176,3.95651412
gdb_79233,3.956616879
gdb_28183,3.958703041
gdb_318,3.959460974
gdb_118067,3.959655285
gdb_2947,3.963869572
gdb_106397,3.963978767
gdb_61084,3.964752197
gdb_51576,3.966315031
gdb_120075,3.968481779
gdb_26241,3.968579054
gdb_44004,3.973635435
gdb_19591,3.984085798
gdb_62656,3.984983683
gdb_19328,3.986282587
gdb_12067,3.987102747
gdb_120043,3.988692522
gdb_71382,3.993964911
gdb_82574,3.995339632
gdb_124850,3.995646715
gdb_122453,4.00099659
gdb_82024,4.002272129
gdb_94849,4.004748344
gdb_127046,4.00624609
gdb_92705,4.008573532
gdb_126951,4.01551199
gdb_4075,4.016440392
gdb_38750,4.018064022
gdb_108018,4.01918602
gdb_132839,4.019965649
gdb_105564,4.021351337
gdb_95400,4.024282455
gdb_99511,4.030462265
gdb_108425,4.030602932
gdb_58253,4.047836781
gdb_82780,4.050599098
gdb_92410,4.05425787
gdb_39049,4.054464817
gdb_88712,4.057841778
gdb_28315,4.059524536
gdb_45664,4.064387798
gdb_21797,4.065018654
gdb_36005,4.067994595
gdb_45607,4.070812702
gdb_110924,4.071125031
gdb_121431,4.071802616
gdb_20111,4.072241783
gdb_39762,4.076359272
gdb_53649,4.076588154
gdb_7703,4.079126358
gdb_79733,4.079758167
gdb_6077,4.084122658
gdb_7253,4.086612701
gdb_67380,4.087184906
gdb_82838,4.089307308
gdb_72713,4.090457439
gdb_37216,4.090788364
gdb_21148,4.091957092
gdb_63119,4.099683285
gdb_34754,4.10276556
gdb_29709,4.106244564
gdb_92048,4.108914852
gdb_13892,4.110086918
gdb_87815,4.111235142
gdb_76487,4.116703033
gdb_43274,4.127915859
gdb_114166,4.128308773
gdb_50182,4.135476112
gdb_63996,4.139957428
gdb_103650,4.140976906
gdb_110410,4.145445347
gdb_18093,4.147005558
gdb_17076,4.147469521
gdb_55829,4.15280962
gdb_55649,4.153345108
gdb_5656,4.153357506
gdb_3218,4.155189514
gdb_126205,4.158185482
gdb_127398,4.158878803
gdb_122220,4.163066864
gdb_33564,4.164400578
gdb_104847,4.164464951
gdb_20751,4.165325165
gdb_91640,4.166147709
gdb_72915,4.169719696
gdb_29343,4.171976089
gdb_78385,4.180534363
gdb_113544,4.183791637
gdb_54696,4.184803963
gdb_74281,4.190045834
gdb_130903,4.191308498
gdb_37584,4.209125519
gdb_46140,4.216283321
gdb_108533,4.219511986
gdb_50459,4.223489761
gdb_116202,4.22428751
gdb_23994,4.224356651
gdb_44562,4.22588253
gdb_10234,4.226766109
gdb_88751,4.234517097
gdb_118142,4.242465496
gdb_106062,4.254093647
gdb_102613,4.254416466
gdb_122989,4.256229401
gdb_43277,4.25633049
gdb_55832,4.263168812
gdb_90200,4.281634331
gdb_55766,4.28553915
gdb_100628,4.29567194
gdb_18678,4.296144485
gdb_90515,4.301046371
gdb_96955,4.301665306
gdb_101698,4.315931797
gdb_105278,4.316594124
gdb_89305,4.317876816
gdb_27294,4.323167801
gdb_67917,4.334822178
gdb_26197,4.336593151
gdb_130086,4.346764088
gdb_15265,4.347364426
gdb_95644,4.34942627
gdb_90146,4.350306034
gdb_127886,4.354055882
gdb_11558,4.378748894
gdb_124598,4.386863708
gdb_126399,4.39945364
gdb_53895,4.413088322
gdb_40642,4.416639328
gdb_48331,4.417284489
gdb_70079,4.42899704
gdb_22548,4.430452347
gdb_94424,4.431516647
gdb_93578,4.437310219
gdb_61079,4.440112591
gdb_122349,4.444299221
gdb_26441,4.450764179
gdb_66404,4.465553761
gdb_82477,4.465572834
gdb_3688,4.466118336
gdb_1424,4.467373371
gdb_124523,4.483397484
gdb_80925,4.497022152
gdb_15500,4.510446548
gdb_453,4.521496296
gdb_110116,4.522342682
gdb_23433,4.524019718
gdb_127763,4.544940948
gdb_99276,4.550826073
gdb_22352,4.564547062
gdb_98236,4.57152462
gdb_67741,4.575751781
gdb_72702,4.584615231
gdb_2839,4.598669529
gdb_48636,4.61664772
gdb_33649,4.62505722
gdb_104817,4.631994247
gdb_100387,4.642290115
gdb_7988,4.654238701
gdb_102162,4.667840958
gdb_43954,4.669659138
gdb_48528,4.676264286
gdb_43594,4.684345722
gdb_55792,4.691124916
gdb_4629,4.705834389
gdb_108712,4.706448078
gdb_95876,4.707864761
gdb_39305,4.72479105
gdb_73045,4.72912693
gdb_25996,4.736325264
gdb_106610,4.745317459
gdb_39050,4.762809277
gdb_123534,4.76502943
gdb_34551,4.770358086
gdb_50488,4.782833099
gdb_75105,4.8258605
gdb_117566,4.880590439
gdb_11338,4.928228855
gdb_109099,4.939368725
gdb_114666,4.941692829
gdb_51223,4.964552402
gdb_21439,4.979681969
gdb_5771,4.993933201
gdb_116951,5.023292542
gdb_37720,5.028635979
gdb_56570,5.033805847
gdb_25924,5.043728352
gdb_46973,5.091855526
gdb_105990,5.108482361
gdb_11861,5.114779949
gdb_73932,5.143312931
gdb_39791,5.143829823
gdb_30778,5.143965721
gdb_18403,5.15346384
gdb_99357,5.208342552
gdb_30543,5.235303402
gdb_131100,5.248203754
gdb_75233,5.298940182
gdb_24804,5.306705952
gdb_35246,5.308297634
gdb_26469,5.326853275
gdb_58160,5.331224918
gdb_60378,5.336799622
gdb_53702,5.379377365
gdb_50987,5.420495033
gdb_91104,5.44137764
gdb_74582,5.473111153
gdb_60177,5.477570534
gdb_9130,5.521167755
gdb_44990,5.604028702
gdb_86095,5.611706257
gdb_42538,5.618218899
gdb_10688,5.621502876
gdb_56611,5.640659332
gdb_11066,5.678558826
gdb_27747,5.681452751
gdb_70312,5.721997261
gdb_60282,5.724807739
gdb_56477,5.743481636
gdb_98131,5.843003273
gdb_21592,5.961495876
gdb_93023,6.015285969
gdb_84521,6.025951385
gdb_77975,6.223217964
gdb_99248,6.476594925
gdb_43575,6.500756741
gdb_127249,6.802502632
gdb_26098,7.084619522
gdb_123967,7.130001545
gdb_13336,7.201008797
gdb_99875,7.698482037
gdb_49868,8.041189194
gdb_21387,8.431869507
gdb_89826,9.708333015
gdb_116298,16.30418205
